x_0,y_0,x_1,y_1,x_2,y_2,x_3,y_3,x_4,y_4,x_5,y_5,x_6,y_6,x_7,y_7,x_8,y_8,x_9,y_9,x_10,y_10,x_11,y_11,x_12,y_12,x_13,y_13,x_14,y_14,x_15,y_15,x_16,y_16,x_17,y_17,x_18,y_18,x_19,y_19,x_20,y_20,x_21,y_21,x_22,y_22,x_23,y_23,x_24,y_24,x_25,y_25,x_26,y_26,x_27,y_27,x_28,y_28,x_29,y_29,x_30,y_30,x_31,y_31,x_32,y_32,x_33,y_33,x_34,y_34,x_35,y_35,x_36,y_36,x_37,y_37,x_38,y_38,x_39,y_39,x_40,y_40,x_41,y_41,x_42,y_42,x_43,y_43,x_44,y_44,x_45,y_45,x_46,y_46,x_47,y_47,x_48,y_48,x_49,y_49,x_50,y_50,x_51,y_51,x_52,y_52,x_53,y_53,x_54,y_54,x_55,y_55,x_56,y_56,x_57,y_57,x_58,y_58,x_59,y_59,x_60,y_60,x_61,y_61,x_62,y_62,x_63,y_63,x_64,y_64,x_65,y_65,x_66,y_66,x_67,y_67,x_68,y_68,x_69,y_69,x_70,y_70,x_71,y_71,x_72,y_72,x_73,y_73,x_74,y_74,x_75,y_75,x_76,y_76,x_77,y_77,x_78,y_78,x_79,y_79,x_80,y_80,x_81,y_81,x_82,y_82,x_83,y_83,x_84,y_84,x_85,y_85,x_86,y_86,x_87,y_87,x_88,y_88,x_89,y_89,x_90,y_90,x_91,y_91,x_92,y_92,x_93,y_93,x_94,y_94,x_95,y_95,x_96,y_96,x_97,y_97,x_98,y_98,x_99,y_99
0.0,0.0,0.0,0.0,0.0,0.0,0.0,0.0,0.0,0.0,0.0,0.0,0.0,0.0,0.0,0.0,0.0,0.0,0.0,0.0,0.0,0.0,0.0,0.0,0.0,0.0,0.0,0.0,0.0,0.0,0.0,0.0,0.0,0.0,0.0,0.0,0.0,0.0,0.0,0.0,0.0,0.0,0.0,0.0,0.0,0.0,0.0,0.0,0.0,0.0,0.0,0.0,0.0,0.0,0.0,0.0,0.0,0.0,0.0,0.0,0.0,0.0,0.0,0.0,0.0,0.0,0.0,0.0,0.0,0.0,0.0,0.0,0.0,0.0,0.0,0.0,0.0,0.0,0.0,0.0,0.0,0.0,0.0,0.0,0.0,0.0,0.0,0.0,0.0,0.0,0.0,0.0,0.0,0.0,0.0,0.0,0.0,0.0,0.0,0.0,0.0,0.0,0.0,0.0,0.0,0.0,0.0,0.0,0.0,0.0,0.0,0.0,0.0,0.0,0.0,0.0,0.0,0.0,0.0,0.0,0.0,0.0,0.0,0.0,0.0,0.0,0.0,0.0,0.0,0.0,0.0,0.0,0.0,0.0,0.0,0.0,0.0,0.0,0.0,0.0,0.0,0.0,0.0,0.0,0.0,0.0,0.0,0.0,0.0,0.0,0.0,0.0,0.0,0.0,0.0,0.0,0.0,0.0,0.0,0.0,0.0,0.0,0.0,0.0,0.0,0.0,0.0,0.0,0.0,0.0,0.0,0.0,0.0,0.0,0.0,0.0,0.0,0.0,0.0,0.0,0.0,0.0,0.0,0.0,0.0,0.0,0.0,0.0,0.0,0.0,0.0,0.0,0.0,0.0,0.0,0.0,0.0,0.0,0.0,0.0
21.0,6.0,-7.0,-15.0,-4.0,-1.0,1.0,-2.0,0.0,3.0,-6.0,3.0,0.0,1.0,-19.0,10.0,-5.0,4.0,-6.0,0.0,-1.0,0.0,-7.0,-3.0,-1.0,-2.0,7.0,1.0,-6.0,0.0,-1.0,-4.0,-6.0,2.0,-5.0,4.0,2.0,0.0,-31.0,8.0,5.0,-1.0,5.0,0.0,4.0,0.0,10.0,-3.0,-7.0,-11.0,0.0,-1.0,3.0,-10.0,-1.0,9.0,45.0,1.0,-23.0,6.0,3.0,-1.0,-1.0,-18.0,27.0,-3.0,-23.0,9.0,4.0,-1.0,1.0,-2.0,1.0,-2.0,0.0,1.0,4.0,10.0,-16.0,3.0,2.0,1.0,-4.0,-1.0,-2.0,3.0,0.0,-11.0,12.0,1.0,5.0,0.0,5.0,0.0,7.0,-2.0,5.0,-8.0,0.0,-1.0,20.0,-12.0,0.0,-1.0,0.0,-1.0,3.0,12.0,1.0,1.0,-3.0,13.0,0.0,-3.0,3.0,6.0,-1.0,0.0,20.0,-10.0,11.0,-7.0,-4.0,0.0,5.0,-6.0,13.0,3.0,-4.0,0.0,23.0,-4.0,1.0,1.0,3.0,0.0,-4.0,3.0,0.0,-1.0,12.0,0.0,0.0,-2.0,8.0,-1.0,6.0,5.0,-1.0,-2.0,-2.0,-4.0,0.0,-1.0,-11.0,7.0,5.0,0.0,3.0,6.0,-1.0,-2.0,5.0,0.0,0.0,3.0,0.0,5.0,21.0,-8.0,-1.0,0.0,0.0,1.0,-4.0,8.0,-2.0,-4.0,-1.0,4.0,0.0,-3.0,5.0,-3.0,2.0,1.0,3.0,1.0,-3.0,1.0,4.0,2.0,-4.0,0.0,11.0,9.0,-4.0,8.0,-1.0,-2.0
40.0,14.0,-15.0,-29.0,-9.0,-2.0,2.0,-6.0,0.0,8.0,-9.0,5.0,0.0,0.0,-39.0,19.0,-11.0,10.0,-12.0,-2.0,-1.0,1.0,-13.0,-5.0,-2.0,-2.0,12.0,1.0,-10.0,-1.0,-3.0,-7.0,-16.0,3.0,-10.0,9.0,2.0,-1.0,-53.0,9.0,10.0,-1.0,13.0,-1.0,15.0,-5.0,24.0,-7.0,-14.0,-23.0,0.0,-3.0,9.0,-32.0,-1.0,10.0,96.0,-3.0,-64.0,16.0,5.0,-1.0,-1.0,-40.0,59.0,3.0,-38.0,16.0,13.0,2.0,3.0,-4.0,1.0,-1.0,0.0,0.0,11.0,25.0,-34.0,10.0,16.0,1.0,-24.0,7.0,-4.0,4.0,-1.0,-24.0,35.0,11.0,13.0,0.0,14.0,0.0,15.0,-5.0,12.0,-22.0,0.0,-3.0,42.0,-28.0,-1.0,-3.0,-5.0,4.0,8.0,26.0,2.0,1.0,-6.0,24.0,2.0,-8.0,5.0,11.0,-1.0,-1.0,43.0,-23.0,21.0,-12.0,-6.0,0.0,18.0,-17.0,25.0,6.0,-14.0,-1.0,47.0,-8.0,1.0,2.0,8.0,0.0,-8.0,7.0,-1.0,-6.0,27.0,-2.0,3.0,-9.0,17.0,-5.0,14.0,11.0,-1.0,1.0,-4.0,-7.0,1.0,-3.0,-20.0,12.0,9.0,0.0,5.0,9.0,-3.0,-6.0,11.0,-2.0,0.0,10.0,0.0,11.0,41.0,-12.0,-2.0,-2.0,2.0,6.0,-8.0,17.0,-3.0,-10.0,-4.0,11.0,0.0,-5.0,10.0,-5.0,6.0,3.0,9.0,1.0,-5.0,2.0,9.0,5.0,-12.0,-1.0,21.0,26.0,-7.0,13.0,-4.0,-4.0
58.0,21.0,-23.0,-45.0,-13.0,-2.0,11.0,-18.0,0.0,12.0,-12.0,6.0,0.0,-2.0,-57.0,28.0,-19.0,16.0,-17.0,-4.0,-4.0,4.0,-18.0,-6.0,-4.0,-2.0,16.0,1.0,-14.0,-1.0,-5.0,-11.0,-30.0,7.0,-16.0,16.0,3.0,-1.0,-66.0,6.0,18.0,-1.0,24.0,-5.0,31.0,-11.0,37.0,-13.0,-20.0,-38.0,11.0,-10.0,19.0,-60.0,-3.0,16.0,159.0,-2.0,-103.0,24.0,9.0,-3.0,1.0,-64.0,84.0,21.0,-50.0,23.0,24.0,8.0,6.0,-7.0,0.0,3.0,-2.0,-1.0,17.0,41.0,-54.0,18.0,34.0,-3.0,-46.0,17.0,-6.0,6.0,-3.0,-38.0,51.0,33.0,24.0,-1.0,23.0,-1.0,24.0,-9.0,18.0,-35.0,1.0,-7.0,59.0,-44.0,-4.0,-3.0,-12.0,11.0,15.0,38.0,4.0,2.0,-9.0,33.0,6.0,-16.0,8.0,15.0,13.0,-7.0,71.0,-36.0,36.0,-20.0,-6.0,1.0,43.0,-33.0,37.0,11.0,-26.0,-4.0,64.0,-9.0,3.0,3.0,15.0,-1.0,-11.0,11.0,-5.0,-15.0,38.0,-4.0,14.0,-16.0,27.0,-10.0,23.0,16.0,-1.0,6.0,-6.0,-9.0,0.0,-2.0,-30.0,19.0,12.0,0.0,6.0,13.0,-4.0,-10.0,18.0,-5.0,0.0,20.0,1.0,18.0,53.0,-14.0,-4.0,-6.0,9.0,21.0,-13.0,28.0,-4.0,-15.0,-9.0,18.0,-1.0,-8.0,17.0,-8.0,11.0,6.0,15.0,2.0,-9.0,4.0,17.0,7.0,-19.0,-2.0,30.0,43.0,-13.0,18.0,-9.0,-8.0
76.0,29.0,-32.0,-57.0,-18.0,-4.0,23.0,-30.0,0.0,18.0,-19.0,9.0,0.0,-5.0,-73.0,36.0,-26.0,21.0,-23.0,-8.0,-8.0,5.0,-21.0,-8.0,-11.0,-2.0,20.0,2.0,-16.0,-2.0,-10.0,-16.0,-42.0,8.0,-23.0,25.0,5.0,-2.0,-73.0,1.0,27.0,0.0,44.0,-10.0,50.0,-17.0,55.0,-21.0,-30.0,-54.0,28.0,-20.0,28.0,-86.0,-8.0,28.0,222.0,-2.0,-148.0,39.0,14.0,-7.0,5.0,-94.0,107.0,42.0,-66.0,30.0,34.0,15.0,8.0,-10.0,-3.0,12.0,-4.0,-1.0,22.0,55.0,-75.0,29.0,49.0,-11.0,-70.0,27.0,-7.0,8.0,-7.0,-51.0,66.0,53.0,33.0,0.0,33.0,-1.0,33.0,-14.0,28.0,-54.0,2.0,-10.0,74.0,-59.0,-13.0,-2.0,-17.0,17.0,23.0,51.0,8.0,2.0,-14.0,47.0,14.0,-32.0,10.0,18.0,29.0,-12.0,100.0,-52.0,60.0,-29.0,-7.0,1.0,69.0,-50.0,51.0,18.0,-35.0,-7.0,73.0,-7.0,6.0,3.0,30.0,-3.0,-14.0,18.0,-9.0,-26.0,48.0,-5.0,24.0,-21.0,35.0,-18.0,35.0,21.0,-1.0,15.0,-7.0,-10.0,-5.0,7.0,-38.0,26.0,14.0,0.0,8.0,17.0,-4.0,-15.0,29.0,-8.0,-1.0,30.0,4.0,24.0,61.0,-14.0,-5.0,-16.0,17.0,39.0,-18.0,41.0,-4.0,-20.0,-13.0,27.0,-3.0,-11.0,26.0,-13.0,18.0,10.0,22.0,2.0,-15.0,5.0,28.0,9.0,-25.0,-3.0,43.0,59.0,-30.0,27.0,-11.0,-12.0
96.0,36.0,-44.0,-64.0,-24.0,-6.0,40.0,-48.0,0.0,25.0,-27.0,13.0,0.0,-9.0,-90.0,44.0,-35.0,27.0,-31.0,-11.0,-13.0,7.0,-25.0,-9.0,-20.0,1.0,27.0,2.0,-21.0,-3.0,-15.0,-20.0,-53.0,9.0,-29.0,34.0,8.0,-3.0,-77.0,-4.0,37.0,0.0,69.0,-18.0,73.0,-24.0,73.0,-27.0,-40.0,-68.0,44.0,-26.0,36.0,-111.0,-13.0,44.0,279.0,-1.0,-189.0,53.0,19.0,-9.0,6.0,-125.0,119.0,72.0,-83.0,38.0,47.0,24.0,11.0,-14.0,-8.0,23.0,-7.0,-3.0,29.0,69.0,-91.0,42.0,70.0,-25.0,-94.0,36.0,-10.0,13.0,-13.0,-61.0,76.0,72.0,40.0,3.0,40.0,1.0,43.0,-20.0,39.0,-75.0,1.0,-10.0,85.0,-75.0,-22.0,-2.0,-21.0,23.0,27.0,65.0,16.0,2.0,-20.0,61.0,23.0,-51.0,11.0,20.0,46.0,-18.0,131.0,-70.0,88.0,-39.0,-5.0,1.0,99.0,-69.0,65.0,24.0,-47.0,-9.0,80.0,-6.0,11.0,1.0,48.0,-7.0,-18.0,24.0,-14.0,-36.0,56.0,-5.0,32.0,-23.0,45.0,-31.0,46.0,27.0,-1.0,27.0,-11.0,-11.0,-12.0,17.0,-46.0,29.0,16.0,2.0,9.0,24.0,-5.0,-21.0,42.0,-14.0,-5.0,44.0,8.0,31.0,73.0,-15.0,-6.0,-28.0,24.0,57.0,-21.0,54.0,-3.0,-27.0,-18.0,36.0,-4.0,-13.0,33.0,-17.0,23.0,15.0,27.0,2.0,-24.0,7.0,40.0,11.0,-30.0,-5.0,55.0,74.0,-45.0,35.0,-18.0,-19.0
115.0,42.0,-55.0,-69.0,-30.0,-9.0,58.0,-66.0,-1.0,33.0,-36.0,18.0,1.0,-13.0,-112.0,53.0,-43.0,36.0,-42.0,-15.0,-19.0,10.0,-30.0,-11.0,-35.0,5.0,35.0,2.0,-28.0,-3.0,-18.0,-24.0,-66.0,10.0,-34.0,41.0,13.0,-4.0,-78.0,-9.0,48.0,3.0,97.0,-29.0,101.0,-32.0,96.0,-36.0,-53.0,-81.0,61.0,-32.0,43.0,-135.0,-18.0,59.0,341.0,6.0,-243.0,65.0,24.0,-12.0,9.0,-158.0,127.0,105.0,-101.0,45.0,59.0,35.0,16.0,-19.0,-12.0,34.0,-8.0,-4.0,34.0,84.0,-102.0,59.0,100.0,-47.0,-117.0,46.0,-15.0,18.0,-20.0,-67.0,86.0,92.0,48.0,5.0,47.0,4.0,54.0,-25.0,48.0,-97.0,-5.0,-6.0,98.0,-88.0,-28.0,-1.0,-27.0,30.0,37.0,76.0,24.0,1.0,-25.0,77.0,31.0,-73.0,12.0,21.0,59.0,-23.0,159.0,-85.0,119.0,-50.0,-1.0,-1.0,133.0,-90.0,80.0,32.0,-57.0,-13.0,85.0,-4.0,18.0,-1.0,62.0,-7.0,-23.0,29.0,-17.0,-43.0,62.0,-5.0,39.0,-23.0,56.0,-43.0,60.0,30.0,-3.0,45.0,-15.0,-13.0,-18.0,27.0,-52.0,33.0,19.0,4.0,11.0,31.0,-5.0,-28.0,60.0,-22.0,-9.0,57.0,13.0,39.0,83.0,-13.0,-9.0,-38.0,31.0,71.0,-26.0,69.0,0.0,-40.0,-24.0,46.0,-6.0,-17.0,44.0,-21.0,33.0,21.0,37.0,3.0,-33.0,8.0,55.0,11.0,-38.0,-7.0,66.0,86.0,-58.0,39.0,-24.0,-28.0
132.0,50.0,-70.0,-73.0,-37.0,-10.0,74.0,-89.0,-1.0,41.0,-45.0,24.0,3.0,-17.0,-133.0,64.0,-54.0,42.0,-53.0,-18.0,-23.0,12.0,-37.0,-12.0,-47.0,9.0,44.0,1.0,-35.0,-4.0,-22.0,-28.0,-75.0,10.0,-39.0,47.0,20.0,-4.0,-74.0,-18.0,58.0,7.0,130.0,-38.0,140.0,-44.0,115.0,-42.0,-68.0,-89.0,75.0,-38.0,51.0,-157.0,-21.0,71.0,388.0,9.0,-290.0,84.0,28.0,-15.0,12.0,-190.0,132.0,140.0,-118.0,51.0,73.0,46.0,20.0,-23.0,-17.0,46.0,-9.0,-6.0,40.0,98.0,-110.0,78.0,123.0,-68.0,-143.0,55.0,-19.0,24.0,-29.0,-72.0,92.0,110.0,54.0,7.0,54.0,5.0,67.0,-32.0,55.0,-117.0,-16.0,2.0,109.0,-103.0,-33.0,-1.0,-35.0,37.0,54.0,84.0,29.0,0.0,-31.0,98.0,39.0,-88.0,12.0,22.0,70.0,-24.0,186.0,-99.0,145.0,-58.0,6.0,-4.0,166.0,-108.0,95.0,41.0,-67.0,-16.0,87.0,-2.0,25.0,-4.0,69.0,-2.0,-26.0,34.0,-20.0,-51.0,67.0,-3.0,47.0,-23.0,65.0,-57.0,76.0,36.0,-8.0,65.0,-20.0,-13.0,-23.0,34.0,-59.0,38.0,27.0,5.0,14.0,36.0,-5.0,-37.0,79.0,-29.0,-14.0,70.0,17.0,47.0,93.0,-9.0,-12.0,-49.0,41.0,83.0,-33.0,83.0,6.0,-56.0,-30.0,54.0,-8.0,-22.0,53.0,-24.0,44.0,29.0,47.0,5.0,-41.0,8.0,68.0,11.0,-47.0,-7.0,74.0,97.0,-67.0,44.0,-29.0,-35.0
148.0,57.0,-85.0,-75.0,-43.0,-11.0,84.0,-110.0,-3.0,49.0,-54.0,31.0,4.0,-20.0,-154.0,73.0,-65.0,50.0,-66.0,-21.0,-29.0,14.0,-45.0,-14.0,-57.0,12.0,52.0,-1.0,-42.0,-6.0,-25.0,-31.0,-82.0,8.0,-44.0,56.0,26.0,-5.0,-59.0,-28.0,72.0,11.0,162.0,-45.0,186.0,-63.0,134.0,-47.0,-74.0,-90.0,84.0,-46.0,57.0,-176.0,-24.0,82.0,425.0,15.0,-338.0,99.0,31.0,-18.0,12.0,-221.0,134.0,172.0,-137.0,58.0,93.0,55.0,24.0,-28.0,-23.0,58.0,-11.0,-11.0,47.0,111.0,-116.0,94.0,148.0,-92.0,-173.0,67.0,-25.0,29.0,-39.0,-75.0,96.0,128.0,60.0,11.0,61.0,5.0,81.0,-38.0,62.0,-136.0,-28.0,12.0,117.0,-117.0,-37.0,-1.0,-45.0,46.0,68.0,91.0,34.0,0.0,-37.0,120.0,46.0,-103.0,13.0,22.0,78.0,-25.0,213.0,-112.0,168.0,-68.0,16.0,-8.0,199.0,-127.0,109.0,46.0,-78.0,-19.0,88.0,-1.0,33.0,-7.0,72.0,2.0,-28.0,38.0,-24.0,-58.0,73.0,-4.0,54.0,-21.0,75.0,-69.0,94.0,42.0,-13.0,90.0,-26.0,-13.0,-26.0,40.0,-68.0,42.0,35.0,5.0,17.0,43.0,-4.0,-46.0,94.0,-36.0,-22.0,86.0,21.0,56.0,105.0,-3.0,-16.0,-60.0,52.0,95.0,-42.0,99.0,11.0,-69.0,-35.0,62.0,-9.0,-27.0,63.0,-27.0,54.0,38.0,58.0,5.0,-48.0,8.0,80.0,11.0,-58.0,-9.0,78.0,106.0,-74.0,47.0,-35.0,-42.0
165.0,62.0,-98.0,-77.0,-51.0,-12.0,90.0,-124.0,-4.0,59.0,-61.0,37.0,5.0,-25.0,-175.0,85.0,-78.0,58.0,-80.0,-24.0,-32.0,15.0,-51.0,-17.0,-68.0,15.0,58.0,0.0,-48.0,-8.0,-29.0,-38.0,-88.0,7.0,-51.0,67.0,33.0,-6.0,-35.0,-44.0,88.0,16.0,193.0,-50.0,232.0,-74.0,149.0,-51.0,-77.0,-90.0,87.0,-51.0,63.0,-194.0,-25.0,92.0,451.0,17.0,-384.0,114.0,35.0,-22.0,12.0,-251.0,135.0,201.0,-149.0,62.0,113.0,65.0,27.0,-33.0,-32.0,72.0,-12.0,-15.0,58.0,118.0,-120.0,109.0,173.0,-119.0,-206.0,85.0,-30.0,33.0,-48.0,-76.0,99.0,145.0,65.0,14.0,67.0,4.0,96.0,-45.0,68.0,-152.0,-37.0,22.0,124.0,-131.0,-38.0,-1.0,-55.0,54.0,82.0,97.0,38.0,1.0,-43.0,140.0,51.0,-115.0,15.0,24.0,86.0,-25.0,237.0,-122.0,191.0,-77.0,28.0,-12.0,234.0,-148.0,124.0,52.0,-89.0,-23.0,91.0,0.0,42.0,-9.0,74.0,9.0,-31.0,44.0,-27.0,-63.0,83.0,-6.0,63.0,-16.0,86.0,-85.0,113.0,50.0,-15.0,118.0,-37.0,-11.0,-28.0,44.0,-80.0,47.0,44.0,6.0,20.0,51.0,-3.0,-57.0,106.0,-43.0,-32.0,105.0,26.0,65.0,120.0,6.0,-22.0,-71.0,61.0,107.0,-53.0,115.0,15.0,-81.0,-39.0,67.0,-12.0,-32.0,69.0,-30.0,66.0,47.0,69.0,6.0,-57.0,8.0,90.0,12.0,-68.0,-10.0,81.0,112.0,-79.0,48.0,-39.0,-51.0
181.0,68.0,-112.0,-77.0,-59.0,-15.0,94.0,-134.0,-8.0,69.0,-67.0,42.0,5.0,-31.0,-197.0,97.0,-91.0,67.0,-89.0,-26.0,-41.0,19.0,-57.0,-18.0,-81.0,19.0,64.0,0.0,-54.0,-9.0,-35.0,-45.0,-91.0,6.0,-58.0,83.0,37.0,-7.0,-9.0,-58.0,103.0,21.0,221.0,-58.0,278.0,-91.0,161.0,-52.0,-80.0,-84.0,81.0,-50.0,70.0,-212.0,-29.0,107.0,468.0,21.0,-426.0,123.0,37.0,-27.0,10.0,-277.0,135.0,225.0,-163.0,66.0,131.0,75.0,29.0,-37.0,-47.0,92.0,-12.0,-20.0,71.0,123.0,-121.0,125.0,197.0,-151.0,-238.0,106.0,-35.0,39.0,-55.0,-76.0,99.0,163.0,69.0,15.0,71.0,3.0,106.0,-50.0,75.0,-168.0,-51.0,33.0,130.0,-142.0,-40.0,-2.0,-64.0,63.0,92.0,105.0,43.0,2.0,-49.0,158.0,56.0,-128.0,17.0,25.0,95.0,-22.0,260.0,-134.0,214.0,-85.0,45.0,-17.0,266.0,-166.0,134.0,56.0,-102.0,-28.0,95.0,0.0,52.0,-12.0,76.0,18.0,-36.0,51.0,-28.0,-67.0,95.0,-8.0,70.0,-12.0,100.0,-102.0,132.0,59.0,-16.0,147.0,-54.0,-7.0,-30.0,49.0,-89.0,49.0,52.0,8.0,24.0,60.0,-1.0,-69.0,120.0,-48.0,-42.0,123.0,30.0,75.0,131.0,17.0,-27.0,-82.0,70.0,117.0,-64.0,130.0,20.0,-93.0,-41.0,70.0,-13.0,-38.0,73.0,-32.0,79.0,55.0,81.0,8.0,-67.0,6.0,102.0,13.0,-73.0,-11.0,82.0,116.0,-82.0,50.0,-44.0,-60.0
195.0,74.0,-128.0,-74.0,-69.0,-16.0,97.0,-140.0,-10.0,80.0,-73.0,49.0,7.0,-36.0,-220.0,111.0,-106.0,77.0,-103.0,-27.0,-48.0,22.0,-60.0,-19.0,-93.0,24.0,72.0,1.0,-64.0,-12.0,-40.0,-52.0,-94.0,4.0,-64.0,95.0,40.0,-9.0,14.0,-69.0,116.0,26.0,243.0,-62.0,326.0,-105.0,167.0,-52.0,-83.0,-75.0,65.0,-42.0,81.0,-231.0,-32.0,122.0,476.0,23.0,-465.0,133.0,39.0,-31.0,7.0,-301.0,133.0,245.0,-174.0,70.0,151.0,86.0,34.0,-41.0,-67.0,112.0,-12.0,-27.0,85.0,124.0,-121.0,141.0,220.0,-187.0,-267.0,126.0,-42.0,47.0,-62.0,-75.0,97.0,181.0,77.0,20.0,73.0,3.0,113.0,-54.0,81.0,-183.0,-67.0,45.0,134.0,-152.0,-38.0,-2.0,-73.0,70.0,104.0,111.0,46.0,3.0,-56.0,177.0,62.0,-140.0,20.0,27.0,107.0,-18.0,283.0,-148.0,236.0,-92.0,63.0,-23.0,303.0,-186.0,146.0,57.0,-114.0,-35.0,102.0,0.0,62.0,-16.0,78.0,32.0,-45.0,59.0,-29.0,-70.0,108.0,-11.0,78.0,-8.0,113.0,-121.0,153.0,69.0,-16.0,173.0,-74.0,1.0,-30.0,54.0,-95.0,51.0,59.0,9.0,26.0,71.0,2.0,-82.0,131.0,-56.0,-51.0,142.0,35.0,85.0,142.0,29.0,-32.0,-95.0,84.0,126.0,-75.0,144.0,27.0,-106.0,-43.0,72.0,-13.0,-43.0,78.0,-36.0,92.0,62.0,92.0,10.0,-78.0,4.0,107.0,14.0,-80.0,-14.0,79.0,117.0,-86.0,52.0,-52.0,-69.0
210.0,79.0,-146.0,-69.0,-78.0,-18.0,100.0,-144.0,-13.0,91.0,-78.0,55.0,9.0,-42.0,-243.0,127.0,-120.0,86.0,-118.0,-26.0,-58.0,26.0,-69.0,-25.0,-108.0,30.0,81.0,2.0,-71.0,-15.0,-47.0,-58.0,-98.0,1.0,-68.0,103.0,44.0,-11.0,32.0,-78.0,127.0,33.0,261.0,-66.0,364.0,-114.0,171.0,-46.0,-92.0,-58.0,40.0,-30.0,91.0,-253.0,-37.0,136.0,476.0,22.0,-496.0,142.0,42.0,-36.0,4.0,-319.0,128.0,261.0,-183.0,72.0,166.0,97.0,37.0,-43.0,-89.0,139.0,-8.0,-40.0,97.0,124.0,-117.0,154.0,242.0,-224.0,-294.0,144.0,-50.0,54.0,-70.0,-72.0,92.0,202.0,84.0,27.0,76.0,3.0,119.0,-59.0,88.0,-201.0,-92.0,58.0,138.0,-160.0,-23.0,-6.0,-80.0,76.0,116.0,115.0,49.0,5.0,-60.0,193.0,68.0,-150.0,24.0,32.0,117.0,-8.0,305.0,-163.0,258.0,-101.0,79.0,-28.0,332.0,-201.0,159.0,57.0,-124.0,-42.0,111.0,1.0,69.0,-17.0,84.0,48.0,-52.0,65.0,-29.0,-72.0,121.0,-11.0,85.0,-5.0,125.0,-140.0,171.0,81.0,-13.0,201.0,-96.0,10.0,-31.0,61.0,-98.0,52.0,65.0,11.0,30.0,78.0,6.0,-99.0,147.0,-66.0,-60.0,159.0,37.0,100.0,150.0,47.0,-42.0,-104.0,98.0,134.0,-86.0,157.0,34.0,-118.0,-44.0,74.0,-15.0,-49.0,86.0,-41.0,108.0,71.0,103.0,13.0,-90.0,0.0,113.0,15.0,-85.0,-20.0,75.0,120.0,-89.0,53.0,-60.0,-79.0
224.0,86.0,-167.0,-63.0,-86.0,-18.0,105.0,-144.0,-15.0,100.0,-86.0,64.0,10.0,-48.0,-266.0,140.0,-135.0,97.0,-136.0,-24.0,-66.0,29.0,-81.0,-30.0,-119.0,35.0,87.0,4.0,-80.0,-18.0,-51.0,-63.0,-105.0,-7.0,-73.0,113.0,47.0,-14.0,46.0,-87.0,136.0,42.0,270.0,-68.0,397.0,-120.0,175.0,-35.0,-106.0,-38.0,4.0,-13.0,100.0,-275.0,-40.0,149.0,475.0,22.0,-518.0,148.0,48.0,-41.0,3.0,-330.0,122.0,278.0,-190.0,75.0,181.0,107.0,42.0,-46.0,-110.0,161.0,-1.0,-54.0,106.0,122.0,-113.0,168.0,261.0,-262.0,-320.0,163.0,-59.0,63.0,-76.0,-71.0,80.0,223.0,90.0,35.0,79.0,4.0,126.0,-66.0,94.0,-218.0,-121.0,73.0,147.0,-166.0,-9.0,-8.0,-85.0,79.0,128.0,116.0,54.0,7.0,-67.0,210.0,71.0,-158.0,25.0,35.0,129.0,0.0,323.0,-176.0,277.0,-109.0,95.0,-34.0,356.0,-213.0,169.0,58.0,-132.0,-50.0,117.0,1.0,75.0,-19.0,87.0,67.0,-58.0,75.0,-29.0,-76.0,133.0,-12.0,91.0,1.0,136.0,-158.0,191.0,93.0,-11.0,225.0,-117.0,17.0,-29.0,69.0,-101.0,52.0,68.0,12.0,34.0,86.0,10.0,-117.0,163.0,-77.0,-71.0,177.0,41.0,112.0,158.0,67.0,-55.0,-111.0,112.0,141.0,-98.0,168.0,41.0,-128.0,-46.0,75.0,-17.0,-56.0,94.0,-47.0,121.0,85.0,113.0,13.0,-99.0,-2.0,117.0,16.0,-93.0,-26.0,69.0,126.0,-93.0,54.0,-64.0,-85.0
240.0,91.0,-186.0,-57.0,-95.0,-18.0,111.0,-143.0,-19.0,109.0,-95.0,74.0,11.0,-50.0,-286.0,153.0,-153.0,106.0,-155.0,-22.0,-77.0,34.0,-95.0,-35.0,-127.0,39.0,90.0,5.0,-88.0,-21.0,-59.0,-69.0,-114.0,-15.0,-77.0,120.0,52.0,-17.0,58.0,-93.0,143.0,53.0,271.0,-68.0,421.0,-123.0,178.0,-23.0,-120.0,-19.0,-45.0,9.0,105.0,-294.0,-43.0,163.0,,,-530.0,152.0,55.0,-46.0,3.0,-337.0,116.0,292.0,-196.0,77.0,193.0,115.0,49.0,-50.0,-130.0,182.0,7.0,-75.0,113.0,119.0,-108.0,182.0,275.0,-295.0,-342.0,184.0,-66.0,70.0,-84.0,-69.0,66.0,249.0,94.0,47.0,87.0,4.0,136.0,-74.0,100.0,-237.0,-148.0,85.0,162.0,-176.0,6.0,-11.0,-98.0,84.0,136.0,115.0,61.0,9.0,-73.0,227.0,76.0,-167.0,30.0,33.0,142.0,9.0,337.0,-186.0,294.0,-114.0,110.0,-39.0,381.0,-226.0,179.0,61.0,-140.0,-61.0,117.0,4.0,83.0,-20.0,89.0,85.0,-65.0,84.0,-27.0,-80.0,147.0,-12.0,97.0,10.0,147.0,-175.0,216.0,107.0,-8.0,252.0,-140.0,29.0,-26.0,78.0,-102.0,52.0,70.0,13.0,39.0,93.0,11.0,-134.0,176.0,-87.0,-84.0,197.0,46.0,128.0,167.0,85.0,-72.0,-117.0,128.0,149.0,-110.0,180.0,49.0,-137.0,-49.0,78.0,-20.0,-66.0,100.0,-52.0,136.0,98.0,116.0,15.0,-107.0,-3.0,119.0,17.0,-102.0,-33.0,61.0,134.0,-99.0,54.0,-68.0,-92.0
253.0,97.0,-203.0,-49.0,-102.0,-20.0,116.0,-140.0,-23.0,116.0,-104.0,83.0,12.0,-51.0,-305.0,166.0,-169.0,116.0,-174.0,-22.0,-90.0,39.0,-109.0,-42.0,-136.0,43.0,91.0,6.0,-98.0,-26.0,-65.0,-73.0,-125.0,-24.0,-79.0,123.0,54.0,-20.0,69.0,-99.0,150.0,66.0,259.0,-61.0,433.0,-124.0,181.0,-9.0,-138.0,-1.0,-87.0,24.0,110.0,-312.0,-47.0,176.0,,,-535.0,154.0,62.0,-50.0,2.0,-340.0,110.0,304.0,-201.0,78.0,201.0,121.0,60.0,-57.0,-152.0,203.0,16.0,-97.0,117.0,114.0,-102.0,195.0,282.0,-323.0,-363.0,204.0,-73.0,76.0,-95.0,-67.0,52.0,274.0,98.0,58.0,92.0,5.0,145.0,-83.0,102.0,-253.0,-172.0,94.0,181.0,-186.0,18.0,-12.0,-108.0,85.0,146.0,113.0,67.0,11.0,-80.0,243.0,82.0,-176.0,34.0,30.0,153.0,18.0,353.0,-199.0,308.0,-120.0,124.0,-44.0,400.0,-235.0,190.0,66.0,-147.0,-72.0,116.0,7.0,92.0,-23.0,92.0,106.0,-70.0,93.0,-25.0,-85.0,160.0,-14.0,101.0,21.0,154.0,-187.0,241.0,118.0,-5.0,278.0,-165.0,42.0,-16.0,87.0,-104.0,52.0,71.0,14.0,41.0,98.0,15.0,-149.0,188.0,-99.0,-97.0,214.0,50.0,142.0,178.0,106.0,-86.0,-122.0,138.0,156.0,-124.0,189.0,57.0,-148.0,-53.0,82.0,-24.0,-76.0,106.0,-60.0,152.0,111.0,120.0,17.0,-115.0,-5.0,119.0,18.0,-112.0,-44.0,52.0,145.0,-104.0,54.0,-70.0,-98.0
265.0,103.0,-218.0,-41.0,-109.0,-20.0,123.0,-137.0,-26.0,124.0,-110.0,89.0,14.0,-54.0,-326.0,179.0,-188.0,128.0,-190.0,-23.0,-101.0,43.0,-120.0,-47.0,-146.0,49.0,91.0,7.0,-110.0,-30.0,-69.0,-75.0,-136.0,-32.0,-80.0,124.0,58.0,-23.0,80.0,-103.0,157.0,80.0,238.0,-49.0,434.0,-124.0,181.0,7.0,-155.0,17.0,-132.0,42.0,115.0,-329.0,-51.0,187.0,,,-535.0,156.0,70.0,-51.0,2.0,-342.0,104.0,313.0,-209.0,80.0,205.0,125.0,73.0,-65.0,-170.0,221.0,26.0,-121.0,121.0,106.0,-97.0,205.0,284.0,-347.0,-382.0,226.0,-79.0,83.0,-113.0,-67.0,39.0,299.0,103.0,69.0,98.0,5.0,152.0,-92.0,103.0,-264.0,-193.0,101.0,198.0,-195.0,29.0,-12.0,-113.0,85.0,155.0,113.0,73.0,14.0,-87.0,257.0,87.0,-183.0,39.0,24.0,166.0,28.0,367.0,-211.0,318.0,-124.0,137.0,-49.0,415.0,-245.0,203.0,71.0,-151.0,-84.0,112.0,13.0,100.0,-25.0,94.0,125.0,-76.0,102.0,-22.0,-91.0,170.0,-14.0,106.0,36.0,158.0,-197.0,266.0,127.0,-5.0,306.0,-190.0,57.0,-1.0,96.0,-106.0,50.0,73.0,18.0,44.0,107.0,19.0,-159.0,195.0,-110.0,-112.0,231.0,56.0,156.0,189.0,128.0,-99.0,-128.0,150.0,163.0,-135.0,201.0,67.0,-159.0,-56.0,86.0,-29.0,-88.0,116.0,-66.0,172.0,121.0,124.0,20.0,-121.0,-9.0,120.0,20.0,-122.0,-56.0,40.0,160.0,-110.0,53.0,-70.0,-99.0
275.0,109.0,-235.0,-27.0,-119.0,-19.0,128.0,-132.0,-32.0,130.0,-117.0,98.0,17.0,-59.0,-344.0,191.0,-205.0,138.0,-204.0,-25.0,-114.0,47.0,-128.0,-53.0,-153.0,53.0,92.0,9.0,-122.0,-35.0,-73.0,-76.0,-146.0,-42.0,-81.0,123.0,63.0,-27.0,88.0,-108.0,164.0,98.0,206.0,-31.0,432.0,-124.0,175.0,26.0,-169.0,35.0,-172.0,55.0,118.0,-344.0,-54.0,197.0,,,-534.0,159.0,79.0,-56.0,2.0,-345.0,100.0,320.0,-222.0,85.0,206.0,126.0,85.0,-71.0,-188.0,242.0,34.0,-144.0,128.0,96.0,-92.0,213.0,282.0,-364.0,-397.0,246.0,-85.0,91.0,-139.0,-66.0,27.0,324.0,107.0,79.0,104.0,6.0,158.0,-102.0,104.0,-271.0,-211.0,104.0,205.0,-200.0,45.0,-16.0,-116.0,85.0,166.0,111.0,79.0,18.0,-94.0,270.0,90.0,-187.0,42.0,20.0,181.0,37.0,380.0,-221.0,324.0,-127.0,149.0,-52.0,425.0,-251.0,217.0,74.0,-157.0,-97.0,112.0,17.0,106.0,-26.0,98.0,141.0,-79.0,110.0,-18.0,-99.0,173.0,-13.0,112.0,51.0,160.0,-203.0,293.0,136.0,-9.0,335.0,-218.0,72.0,15.0,104.0,-108.0,45.0,77.0,20.0,46.0,113.0,23.0,-167.0,199.0,-119.0,-126.0,244.0,64.0,166.0,197.0,149.0,-114.0,-133.0,159.0,166.0,-148.0,210.0,76.0,-170.0,-62.0,90.0,-32.0,-101.0,122.0,-70.0,190.0,129.0,129.0,25.0,-123.0,-10.0,120.0,23.0,-130.0,-67.0,24.0,180.0,-117.0,50.0,-70.0,-101.0
286.0,114.0,-253.0,-11.0,-130.0,-22.0,133.0,-123.0,-35.0,137.0,-122.0,106.0,20.0,-65.0,-358.0,200.0,-223.0,149.0,-215.0,-26.0,-126.0,50.0,-135.0,-59.0,-159.0,58.0,92.0,12.0,-135.0,-41.0,-78.0,-77.0,-153.0,-53.0,-84.0,122.0,69.0,-32.0,97.0,-112.0,173.0,115.0,164.0,-6.0,424.0,-121.0,164.0,55.0,-176.0,47.0,-203.0,65.0,122.0,-355.0,-57.0,204.0,,,-533.0,161.0,89.0,-63.0,2.0,-346.0,97.0,325.0,-238.0,89.0,195.0,126.0,93.0,-77.0,-200.0,256.0,42.0,-169.0,138.0,83.0,-88.0,220.0,277.0,-378.0,-408.0,268.0,-91.0,97.0,-162.0,-67.0,16.0,343.0,113.0,88.0,105.0,7.0,163.0,-112.0,104.0,-273.0,-225.0,109.0,207.0,-205.0,64.0,-21.0,-117.0,84.0,179.0,110.0,86.0,23.0,-101.0,279.0,93.0,-189.0,46.0,13.0,197.0,45.0,395.0,-234.0,327.0,-129.0,160.0,-55.0,433.0,-255.0,232.0,79.0,-163.0,-109.0,111.0,24.0,112.0,-26.0,100.0,157.0,-83.0,117.0,-12.0,-110.0,176.0,-11.0,119.0,66.0,162.0,-208.0,314.0,145.0,-13.0,362.0,-242.0,89.0,33.0,111.0,-111.0,39.0,84.0,24.0,46.0,114.0,28.0,-171.0,201.0,-129.0,-141.0,258.0,73.0,174.0,202.0,171.0,-127.0,-134.0,166.0,168.0,-160.0,218.0,85.0,-180.0,-69.0,96.0,-35.0,-113.0,129.0,-75.0,206.0,136.0,132.0,31.0,-127.0,-12.0,122.0,29.0,-140.0,-80.0,13.0,203.0,-122.0,46.0,-68.0,-105.0
293.0,118.0,-267.0,5.0,-142.0,-25.0,138.0,-113.0,-39.0,145.0,-128.0,117.0,23.0,-68.0,-368.0,208.0,-243.0,163.0,-223.0,-28.0,-136.0,53.0,-140.0,-67.0,-163.0,62.0,93.0,15.0,-146.0,-47.0,-80.0,-77.0,-159.0,-64.0,-87.0,120.0,74.0,-37.0,106.0,-118.0,183.0,133.0,126.0,16.0,412.0,-114.0,149.0,85.0,-181.0,59.0,-222.0,71.0,124.0,-366.0,-58.0,208.0,,,-533.0,162.0,100.0,-69.0,2.0,-345.0,97.0,326.0,-256.0,95.0,184.0,130.0,100.0,-84.0,-207.0,270.0,51.0,-193.0,154.0,67.0,-85.0,225.0,271.0,-389.0,-413.0,288.0,-100.0,105.0,-177.0,-66.0,9.0,358.0,120.0,96.0,106.0,7.0,168.0,-121.0,104.0,-272.0,-233.0,115.0,207.0,-208.0,82.0,-25.0,-118.0,82.0,192.0,107.0,94.0,27.0,-110.0,289.0,99.0,-192.0,47.0,9.0,213.0,52.0,407.0,-245.0,330.0,-132.0,170.0,-58.0,440.0,-258.0,244.0,83.0,-169.0,-120.0,110.0,33.0,117.0,-27.0,100.0,173.0,-85.0,124.0,-3.0,-118.0,177.0,-8.0,126.0,82.0,165.0,-212.0,332.0,155.0,-17.0,381.0,-267.0,108.0,52.0,120.0,-113.0,31.0,92.0,28.0,47.0,115.0,34.0,-175.0,204.0,-139.0,-158.0,272.0,81.0,180.0,207.0,192.0,-139.0,-135.0,173.0,166.0,-173.0,225.0,96.0,-192.0,-74.0,100.0,-39.0,-124.0,138.0,-82.0,221.0,141.0,135.0,38.0,-131.0,-16.0,124.0,42.0,-149.0,-93.0,-1.0,224.0,-127.0,41.0,-65.0,-111.0
301.0,122.0,-277.0,24.0,-155.0,-30.0,143.0,-100.0,-44.0,152.0,-133.0,128.0,26.0,-72.0,-380.0,216.0,-264.0,175.0,-231.0,-29.0,-152.0,57.0,-143.0,-75.0,-166.0,68.0,95.0,18.0,-155.0,-53.0,-81.0,-78.0,-163.0,-76.0,-89.0,119.0,78.0,-41.0,116.0,-125.0,192.0,152.0,89.0,39.0,396.0,-106.0,132.0,117.0,-186.0,69.0,-227.0,72.0,127.0,-375.0,-58.0,210.0,,,-532.0,163.0,112.0,-77.0,,,,,-269.0,99.0,171.0,139.0,106.0,-90.0,-210.0,278.0,62.0,-218.0,170.0,49.0,-83.0,229.0,263.0,-401.0,-415.0,305.0,-111.0,112.0,-188.0,-63.0,4.0,369.0,127.0,105.0,106.0,8.0,173.0,-129.0,104.0,-268.0,-237.0,119.0,208.0,-211.0,92.0,-27.0,-119.0,78.0,203.0,106.0,103.0,31.0,-118.0,296.0,108.0,-195.0,50.0,3.0,228.0,59.0,421.0,-254.0,334.0,-134.0,187.0,-64.0,443.0,-260.0,255.0,87.0,-176.0,-132.0,109.0,41.0,124.0,-27.0,101.0,189.0,-86.0,126.0,8.0,-128.0,177.0,-6.0,135.0,99.0,168.0,-214.0,346.0,168.0,-19.0,397.0,-290.0,127.0,72.0,129.0,-117.0,20.0,102.0,30.0,47.0,117.0,42.0,-180.0,204.0,-148.0,-177.0,284.0,89.0,183.0,213.0,210.0,-147.0,-135.0,178.0,163.0,-188.0,234.0,107.0,-205.0,-80.0,103.0,-42.0,-133.0,146.0,-89.0,236.0,143.0,137.0,46.0,-135.0,-19.0,125.0,56.0,-156.0,-106.0,-17.0,240.0,-133.0,34.0,-56.0,-121.0
305.0,127.0,-284.0,38.0,-166.0,-37.0,150.0,-82.0,-48.0,158.0,-139.0,138.0,31.0,-74.0,-391.0,224.0,-280.0,187.0,-238.0,-30.0,-166.0,61.0,-146.0,-82.0,-172.0,74.0,96.0,22.0,-157.0,-62.0,-82.0,-76.0,-166.0,-89.0,-91.0,117.0,80.0,-43.0,125.0,-134.0,201.0,172.0,55.0,60.0,379.0,-95.0,115.0,146.0,-189.0,76.0,-223.0,73.0,128.0,-379.0,,,,,-529.0,164.0,123.0,-84.0,,,,,-274.0,101.0,158.0,149.0,113.0,-95.0,-213.0,285.0,71.0,-241.0,187.0,31.0,-81.0,231.0,254.0,-410.0,-416.0,322.0,-124.0,119.0,-194.0,-59.0,3.0,375.0,134.0,115.0,107.0,10.0,177.0,-140.0,104.0,-262.0,-239.0,121.0,206.0,-215.0,98.0,-28.0,-121.0,75.0,210.0,105.0,111.0,34.0,-128.0,303.0,119.0,-197.0,55.0,-4.0,243.0,65.0,436.0,-264.0,340.0,-138.0,204.0,-67.0,444.0,-263.0,263.0,90.0,-181.0,-142.0,109.0,53.0,135.0,-29.0,102.0,203.0,-86.0,129.0,18.0,-138.0,177.0,-3.0,143.0,114.0,170.0,-216.0,360.0,176.0,-20.0,406.0,-309.0,147.0,91.0,135.0,-123.0,6.0,117.0,32.0,48.0,120.0,50.0,-187.0,204.0,-156.0,-198.0,296.0,97.0,185.0,217.0,225.0,-156.0,-135.0,183.0,161.0,-202.0,242.0,119.0,-217.0,-88.0,107.0,-43.0,-142.0,153.0,-95.0,245.0,143.0,140.0,54.0,-140.0,-26.0,128.0,74.0,-162.0,-121.0,-28.0,255.0,-138.0,24.0,-43.0,-133.0
308.0,129.0,-284.0,48.0,-179.0,-43.0,159.0,-65.0,-56.0,163.0,-143.0,149.0,33.0,-75.0,-404.0,231.0,-299.0,198.0,-247.0,-33.0,-178.0,65.0,-150.0,-88.0,-177.0,80.0,98.0,27.0,-159.0,-69.0,-84.0,-74.0,-168.0,-100.0,-92.0,115.0,83.0,-48.0,130.0,-139.0,209.0,192.0,28.0,74.0,360.0,-81.0,92.0,174.0,-190.0,81.0,-207.0,66.0,128.0,-383.0,,,,,-525.0,165.0,133.0,-90.0,,,,,-278.0,104.0,141.0,162.0,116.0,-101.0,-215.0,291.0,79.0,-260.0,207.0,7.0,-80.0,233.0,243.0,-417.0,-413.0,337.0,-135.0,127.0,-200.0,-56.0,3.0,376.0,140.0,122.0,109.0,11.0,181.0,-153.0,104.0,-254.0,-239.0,122.0,186.0,-215.0,103.0,-28.0,-123.0,70.0,215.0,105.0,120.0,36.0,-137.0,308.0,131.0,-198.0,58.0,-11.0,255.0,70.0,451.0,-275.0,344.0,-142.0,222.0,-72.0,445.0,-264.0,267.0,92.0,-188.0,-156.0,110.0,65.0,145.0,-31.0,101.0,219.0,-87.0,130.0,27.0,-148.0,177.0,2.0,151.0,131.0,174.0,-218.0,371.0,183.0,-20.0,408.0,-326.0,169.0,112.0,142.0,-131.0,-10.0,132.0,35.0,49.0,122.0,61.0,-195.0,204.0,-163.0,-221.0,308.0,104.0,186.0,220.0,238.0,-167.0,-132.0,184.0,160.0,-215.0,248.0,129.0,-227.0,-96.0,110.0,-46.0,-149.0,160.0,-103.0,250.0,141.0,143.0,64.0,-144.0,-32.0,131.0,94.0,-167.0,-136.0,-32.0,263.0,-144.0,14.0,-24.0,-148.0
310.0,130.0,-282.0,58.0,-189.0,-47.0,170.0,-49.0,-65.0,171.0,-146.0,160.0,37.0,-80.0,-414.0,237.0,-316.0,210.0,-264.0,-38.0,-192.0,71.0,-155.0,-93.0,-185.0,88.0,99.0,33.0,-161.0,-77.0,-86.0,-71.0,-169.0,-115.0,-94.0,112.0,87.0,-53.0,136.0,-147.0,218.0,214.0,4.0,87.0,335.0,-60.0,70.0,197.0,-191.0,84.0,-181.0,54.0,129.0,-386.0,,,,,-523.0,165.0,143.0,-98.0,,,,,-283.0,107.0,125.0,178.0,117.0,-101.0,-218.0,297.0,85.0,-276.0,231.0,-17.0,-79.0,236.0,231.0,-423.0,-408.0,352.0,-146.0,133.0,-204.0,-54.0,,,148.0,134.0,111.0,16.0,184.0,-168.0,107.0,-243.0,-239.0,125.0,161.0,-211.0,106.0,-28.0,-123.0,62.0,218.0,104.0,129.0,39.0,-146.0,312.0,139.0,-198.0,62.0,-20.0,264.0,77.0,463.0,-287.0,347.0,-143.0,241.0,-76.0,447.0,-267.0,270.0,93.0,-195.0,-171.0,113.0,80.0,153.0,-31.0,100.0,234.0,-87.0,134.0,36.0,-157.0,174.0,9.0,157.0,149.0,179.0,-221.0,379.0,187.0,-20.0,406.0,-338.0,189.0,127.0,150.0,-140.0,-24.0,151.0,38.0,39.0,124.0,73.0,-205.0,203.0,-172.0,-241.0,318.0,113.0,186.0,222.0,248.0,-179.0,-132.0,188.0,158.0,-227.0,252.0,140.0,-238.0,-104.0,112.0,-47.0,-150.0,164.0,-111.0,254.0,140.0,147.0,73.0,-148.0,-40.0,132.0,115.0,-171.0,-152.0,-35.0,265.0,-149.0,5.0,-5.0,-166.0
310.0,131.0,-278.0,69.0,-198.0,-51.0,182.0,-32.0,-72.0,180.0,-151.0,172.0,41.0,-86.0,-426.0,243.0,-332.0,223.0,-285.0,-44.0,-201.0,73.0,-159.0,-98.0,-194.0,95.0,100.0,40.0,-164.0,-84.0,-89.0,-68.0,-169.0,-130.0,-96.0,107.0,90.0,-59.0,144.0,-153.0,226.0,233.0,-17.0,100.0,308.0,-39.0,48.0,211.0,-192.0,85.0,-143.0,35.0,129.0,-387.0,,,,,,,157.0,-106.0,,,,,-290.0,111.0,106.0,202.0,120.0,-99.0,-220.0,301.0,92.0,-293.0,251.0,-43.0,-77.0,239.0,222.0,-430.0,-402.0,369.0,-157.0,138.0,-207.0,-53.0,,,156.0,143.0,114.0,20.0,190.0,-184.0,111.0,-230.0,-239.0,127.0,135.0,-209.0,110.0,-27.0,-125.0,52.0,220.0,103.0,137.0,41.0,-157.0,316.0,144.0,-197.0,66.0,-28.0,271.0,86.0,472.0,-298.0,347.0,-144.0,261.0,-82.0,451.0,-271.0,273.0,95.0,-204.0,-186.0,114.0,96.0,162.0,-32.0,99.0,247.0,-85.0,137.0,43.0,-166.0,170.0,24.0,164.0,167.0,189.0,-225.0,383.0,188.0,-20.0,400.0,-349.0,212.0,135.0,157.0,-152.0,-39.0,168.0,40.0,28.0,128.0,87.0,-211.0,201.0,-179.0,-264.0,328.0,120.0,188.0,224.0,257.0,-189.0,-131.0,195.0,155.0,-238.0,257.0,147.0,-244.0,-111.0,113.0,-52.0,-154.0,168.0,-117.0,258.0,138.0,149.0,82.0,-152.0,-47.0,133.0,137.0,-173.0,-170.0,-35.0,267.0,-154.0,-7.0,8.0,-182.0
306.0,132.0,-269.0,73.0,-206.0,-55.0,193.0,-15.0,-78.0,187.0,-156.0,187.0,45.0,-89.0,-439.0,249.0,-347.0,232.0,-310.0,-50.0,-208.0,75.0,-163.0,-105.0,-204.0,103.0,100.0,47.0,-165.0,-90.0,-92.0,-64.0,-171.0,-147.0,-99.0,102.0,95.0,-65.0,151.0,-161.0,236.0,256.0,-33.0,112.0,274.0,-15.0,32.0,218.0,-192.0,86.0,-98.0,16.0,129.0,-386.0,,,,,,,169.0,-112.0,,,,,-299.0,116.0,84.0,228.0,123.0,-95.0,-221.0,303.0,99.0,-309.0,270.0,-66.0,-75.0,244.0,215.0,-437.0,-395.0,387.0,-172.0,146.0,-208.0,-53.0,,,167.0,152.0,116.0,26.0,195.0,-199.0,114.0,-217.0,-236.0,128.0,105.0,-209.0,111.0,-23.0,-129.0,42.0,222.0,103.0,145.0,42.0,-167.0,320.0,149.0,-194.0,71.0,-36.0,276.0,96.0,481.0,-308.0,348.0,-144.0,274.0,-85.0,455.0,-274.0,279.0,98.0,-211.0,-199.0,117.0,112.0,172.0,-33.0,97.0,259.0,-83.0,143.0,50.0,-174.0,165.0,36.0,170.0,181.0,201.0,-231.0,385.0,189.0,-20.0,390.0,-358.0,236.0,142.0,166.0,-161.0,-49.0,184.0,41.0,18.0,132.0,100.0,-222.0,201.0,-189.0,-282.0,335.0,128.0,192.0,224.0,263.0,-198.0,-130.0,203.0,151.0,-253.0,262.0,159.0,-254.0,-120.0,116.0,-58.0,-160.0,171.0,-124.0,260.0,138.0,151.0,92.0,-155.0,-55.0,134.0,157.0,-173.0,-188.0,-36.0,267.0,-160.0,-20.0,21.0,-196.0
297.0,135.0,-261.0,75.0,-210.0,-58.0,202.0,0.0,-85.0,192.0,-163.0,201.0,49.0,-93.0,-455.0,259.0,-361.0,242.0,-335.0,-58.0,-217.0,78.0,-165.0,-115.0,-212.0,110.0,101.0,55.0,-166.0,-97.0,-94.0,-59.0,-175.0,-167.0,-103.0,95.0,97.0,-70.0,156.0,-171.0,244.0,273.0,-42.0,120.0,242.0,10.0,22.0,220.0,,,-47.0,-7.0,,,,,,,,,182.0,-119.0,,,,,-306.0,121.0,62.0,255.0,125.0,-90.0,-221.0,305.0,104.0,-319.0,288.0,-90.0,-74.0,248.0,208.0,-442.0,-389.0,403.0,-185.0,152.0,-209.0,-50.0,,,178.0,160.0,118.0,33.0,200.0,-215.0,115.0,-202.0,-231.0,129.0,77.0,-212.0,113.0,-18.0,-134.0,29.0,223.0,102.0,152.0,45.0,-180.0,324.0,152.0,-192.0,76.0,-46.0,281.0,109.0,486.0,-317.0,347.0,-145.0,283.0,-88.0,462.0,-278.0,286.0,102.0,-219.0,-209.0,119.0,129.0,177.0,-33.0,97.0,271.0,-82.0,151.0,58.0,-184.0,161.0,49.0,177.0,195.0,213.0,-236.0,386.0,189.0,-18.0,372.0,-365.0,259.0,147.0,174.0,-171.0,-61.0,197.0,45.0,11.0,136.0,112.0,-229.0,201.0,-195.0,-296.0,340.0,137.0,196.0,224.0,265.0,-205.0,-129.0,211.0,148.0,-272.0,270.0,170.0,-261.0,-129.0,118.0,-65.0,-166.0,174.0,-130.0,261.0,138.0,153.0,103.0,-158.0,-62.0,134.0,176.0,-172.0,-208.0,-36.0,268.0,-170.0,-35.0,33.0,-209.0
292.0,137.0,-256.0,76.0,-211.0,-59.0,209.0,10.0,-94.0,199.0,-169.0,214.0,54.0,-96.0,-470.0,268.0,-373.0,252.0,-357.0,-65.0,-224.0,79.0,-171.0,-123.0,-218.0,117.0,101.0,61.0,-166.0,-105.0,-97.0,-53.0,-180.0,-187.0,-109.0,89.0,101.0,-76.0,160.0,-181.0,254.0,290.0,-44.0,124.0,205.0,37.0,13.0,218.0,,,2.0,-27.0,,,,,,,,,194.0,-128.0,,,,,-316.0,125.0,37.0,280.0,128.0,-87.0,-218.0,308.0,108.0,-329.0,303.0,-111.0,-74.0,247.0,199.0,-447.0,-378.0,421.0,-201.0,160.0,,,,,189.0,167.0,121.0,41.0,206.0,-230.0,115.0,-184.0,-225.0,132.0,56.0,-219.0,116.0,-12.0,-138.0,15.0,223.0,103.0,162.0,48.0,-191.0,327.0,155.0,-189.0,80.0,-56.0,288.0,123.0,491.0,-325.0,346.0,-145.0,291.0,-91.0,467.0,-282.0,296.0,104.0,-227.0,-218.0,122.0,146.0,188.0,-36.0,97.0,281.0,-79.0,160.0,64.0,-192.0,158.0,60.0,185.0,209.0,218.0,-237.0,,,-10.0,347.0,-371.0,282.0,151.0,181.0,-178.0,-72.0,209.0,47.0,5.0,139.0,119.0,-232.0,201.0,-199.0,-306.0,342.0,147.0,198.0,,,-209.0,-128.0,217.0,145.0,-288.0,276.0,185.0,-270.0,-138.0,118.0,-74.0,-173.0,176.0,-136.0,260.0,140.0,153.0,116.0,-161.0,-71.0,134.0,192.0,-170.0,-228.0,-36.0,267.0,-182.0,-50.0,46.0,-222.0
284.0,139.0,-251.0,76.0,-211.0,-61.0,215.0,18.0,-103.0,204.0,-172.0,224.0,59.0,-100.0,-484.0,275.0,-385.0,261.0,-380.0,-73.0,-232.0,80.0,-176.0,-132.0,-222.0,122.0,100.0,68.0,-165.0,-114.0,-101.0,-47.0,-186.0,-211.0,-115.0,82.0,102.0,-79.0,164.0,-192.0,264.0,305.0,-44.0,128.0,165.0,67.0,5.0,216.0,,,48.0,-42.0,,,,,,,,,206.0,-135.0,,,,,-325.0,129.0,16.0,300.0,131.0,-86.0,-212.0,311.0,111.0,-337.0,317.0,-129.0,-74.0,245.0,192.0,-450.0,-365.0,436.0,-215.0,169.0,,,,,197.0,174.0,122.0,49.0,212.0,-243.0,117.0,-165.0,-216.0,134.0,40.0,-227.0,118.0,-4.0,-142.0,2.0,222.0,103.0,173.0,53.0,-203.0,331.0,161.0,-185.0,87.0,-67.0,295.0,140.0,495.0,-332.0,,,302.0,-95.0,471.0,-284.0,306.0,109.0,-233.0,-227.0,122.0,162.0,200.0,-37.0,98.0,290.0,-73.0,170.0,68.0,-199.0,155.0,73.0,191.0,221.0,221.0,-237.0,,,1.0,319.0,-373.0,303.0,153.0,186.0,-185.0,-85.0,219.0,50.0,2.0,142.0,127.0,-235.0,201.0,-201.0,-309.0,343.0,160.0,198.0,,,-212.0,-127.0,222.0,144.0,-301.0,281.0,201.0,-278.0,-149.0,119.0,-82.0,-178.0,181.0,-145.0,260.0,142.0,154.0,130.0,-164.0,-81.0,134.0,207.0,-166.0,-246.0,,,-199.0,-62.0,56.0,-234.0
277.0,142.0,-244.0,73.0,-211.0,-62.0,218.0,22.0,-115.0,209.0,-175.0,233.0,63.0,-102.0,-492.0,278.0,-397.0,267.0,-401.0,-80.0,-245.0,82.0,-182.0,-142.0,-225.0,126.0,99.0,76.0,-163.0,-126.0,-107.0,-40.0,-192.0,-233.0,-124.0,76.0,103.0,-81.0,168.0,-204.0,275.0,314.0,-42.0,130.0,125.0,94.0,0.0,213.0,,,88.0,-56.0,,,,,,,,,214.0,-140.0,,,,,-333.0,134.0,-2.0,319.0,133.0,-83.0,-200.0,317.0,114.0,-344.0,327.0,-144.0,,,186.0,-451.0,-350.0,449.0,-233.0,178.0,,,,,202.0,181.0,123.0,58.0,218.0,-251.0,118.0,-147.0,-204.0,136.0,29.0,-239.0,118.0,4.0,-147.0,-13.0,,,185.0,57.0,-211.0,332.0,168.0,-182.0,93.0,-77.0,300.0,157.0,499.0,-338.0,,,308.0,-96.0,474.0,-287.0,315.0,113.0,-240.0,-234.0,122.0,177.0,213.0,-38.0,101.0,297.0,-66.0,178.0,71.0,-203.0,155.0,84.0,198.0,232.0,225.0,-237.0,,,13.0,289.0,-375.0,323.0,155.0,190.0,-191.0,-96.0,224.0,52.0,0.0,144.0,133.0,-238.0,200.0,-204.0,-311.0,343.0,170.0,198.0,,,-213.0,-125.0,225.0,142.0,-311.0,284.0,216.0,-285.0,-164.0,121.0,-92.0,-185.0,186.0,-153.0,259.0,143.0,154.0,145.0,-168.0,-94.0,130.0,223.0,-163.0,-266.0,,,-214.0,-74.0,67.0,-245.0
267.0,145.0,-234.0,68.0,-212.0,-64.0,218.0,24.0,-126.0,214.0,-177.0,242.0,66.0,-104.0,-496.0,280.0,-407.0,275.0,-420.0,-87.0,-260.0,85.0,-189.0,-150.0,-226.0,129.0,97.0,84.0,-160.0,-138.0,-114.0,-31.0,-197.0,-258.0,-132.0,71.0,104.0,-85.0,171.0,-217.0,288.0,323.0,-41.0,132.0,87.0,123.0,-3.0,209.0,,,116.0,-68.0,,,,,,,,,220.0,-144.0,,,,,-343.0,140.0,-21.0,335.0,137.0,-80.0,-186.0,325.0,116.0,-349.0,335.0,-155.0,,,184.0,-451.0,-334.0,459.0,-250.0,187.0,,,,,207.0,190.0,124.0,64.0,225.0,-256.0,119.0,-130.0,-188.0,140.0,21.0,-249.0,117.0,15.0,-152.0,-30.0,,,194.0,62.0,-220.0,333.0,174.0,-180.0,97.0,-83.0,305.0,173.0,504.0,-345.0,,,313.0,-97.0,474.0,-288.0,322.0,115.0,-247.0,-240.0,123.0,192.0,222.0,-38.0,103.0,301.0,-58.0,185.0,73.0,-206.0,154.0,96.0,206.0,239.0,229.0,-238.0,,,32.0,252.0,-380.0,343.0,156.0,191.0,-197.0,-108.0,225.0,54.0,-2.0,147.0,143.0,-242.0,198.0,-207.0,-313.0,342.0,180.0,197.0,,,-213.0,-124.0,227.0,142.0,-319.0,285.0,229.0,-292.0,-179.0,122.0,-102.0,-191.0,191.0,-163.0,258.0,143.0,156.0,160.0,-173.0,-109.0,122.0,245.0,-162.0,-283.0,,,-228.0,-86.0,73.0,-253.0
259.0,149.0,-223.0,64.0,-213.0,-67.0,218.0,23.0,-136.0,218.0,-179.0,249.0,68.0,-106.0,-497.0,281.0,-417.0,284.0,-437.0,-93.0,-278.0,88.0,-196.0,-155.0,-228.0,133.0,96.0,90.0,-156.0,-152.0,-122.0,-22.0,-201.0,-281.0,-138.0,67.0,108.0,-92.0,173.0,-231.0,298.0,329.0,-39.0,133.0,51.0,150.0,-4.0,204.0,,,130.0,-75.0,,,,,,,,,225.0,-149.0,,,,,-352.0,149.0,-35.0,350.0,142.0,-78.0,-170.0,339.0,116.0,-351.0,338.0,-163.0,,,,,-317.0,465.0,-266.0,196.0,,,,,215.0,200.0,124.0,72.0,232.0,-259.0,122.0,-113.0,-166.0,147.0,16.0,-261.0,116.0,29.0,-157.0,-44.0,,,202.0,68.0,-232.0,336.0,177.0,-179.0,100.0,-88.0,309.0,187.0,506.0,-349.0,,,314.0,-97.0,473.0,-288.0,329.0,116.0,-253.0,-248.0,124.0,205.0,226.0,-39.0,104.0,305.0,-49.0,193.0,73.0,-205.0,153.0,109.0,213.0,244.0,236.0,-240.0,,,51.0,214.0,-388.0,366.0,156.0,192.0,-202.0,-118.0,227.0,57.0,-6.0,150.0,156.0,-247.0,198.0,-208.0,-315.0,339.0,188.0,195.0,,,,,228.0,142.0,-326.0,287.0,243.0,-299.0,-190.0,122.0,-111.0,-196.0,194.0,-167.0,258.0,142.0,157.0,175.0,-180.0,-127.0,114.0,266.0,-160.0,-298.0,,,-239.0,-98.0,78.0,-258.0
252.0,151.0,-213.0,61.0,-214.0,-71.0,217.0,23.0,-145.0,222.0,-179.0,255.0,73.0,-111.0,,,-428.0,295.0,-453.0,-98.0,-294.0,91.0,-203.0,-165.0,-232.0,139.0,94.0,96.0,-151.0,-165.0,-126.0,-12.0,-206.0,-299.0,-141.0,64.0,112.0,-100.0,175.0,-244.0,307.0,333.0,-33.0,133.0,16.0,178.0,-5.0,198.0,,,133.0,-76.0,,,,,,,,,231.0,-155.0,,,,,-359.0,157.0,-50.0,365.0,146.0,-76.0,-147.0,353.0,119.0,-356.0,340.0,-166.0,,,,,-302.0,466.0,-280.0,203.0,,,,,225.0,210.0,124.0,83.0,236.0,-260.0,126.0,-97.0,-144.0,158.0,12.0,-270.0,110.0,45.0,-161.0,-56.0,,,209.0,74.0,-239.0,336.0,179.0,-178.0,106.0,-93.0,313.0,199.0,507.0,-351.0,,,316.0,-98.0,472.0,-289.0,334.0,118.0,-258.0,-256.0,125.0,214.0,228.0,-39.0,107.0,308.0,-39.0,201.0,73.0,-208.0,153.0,124.0,219.0,246.0,244.0,-243.0,,,72.0,174.0,-398.0,393.0,,,-207.0,-129.0,228.0,60.0,-12.0,155.0,173.0,-254.0,197.0,-212.0,-318.0,336.0,199.0,190.0,,,,,,,-330.0,289.0,257.0,-305.0,-197.0,119.0,-120.0,-200.0,196.0,-171.0,258.0,140.0,158.0,188.0,-183.0,-142.0,104.0,286.0,-160.0,-311.0,,,-246.0,-107.0,79.0,-260.0
249.0,151.0,-204.0,60.0,-216.0,-75.0,215.0,23.0,-152.0,225.0,-178.0,259.0,77.0,-112.0,,,-438.0,307.0,-461.0,-102.0,-309.0,92.0,-208.0,-175.0,-236.0,146.0,94.0,104.0,-146.0,-180.0,-135.0,-2.0,-212.0,-318.0,-145.0,62.0,115.0,-104.0,176.0,-257.0,314.0,336.0,-18.0,126.0,-16.0,207.0,-5.0,191.0,,,129.0,-76.0,,,,,,,,,236.0,-161.0,,,,,-363.0,165.0,-61.0,378.0,152.0,-72.0,-122.0,365.0,122.0,-359.0,341.0,-168.0,,,,,-284.0,464.0,-290.0,207.0,,,,,236.0,221.0,123.0,93.0,241.0,-262.0,131.0,-83.0,-125.0,172.0,10.0,-275.0,104.0,66.0,-164.0,-67.0,,,218.0,81.0,-245.0,336.0,179.0,-177.0,109.0,-94.0,315.0,211.0,507.0,-352.0,,,319.0,-99.0,470.0,-289.0,339.0,119.0,-267.0,-263.0,127.0,222.0,231.0,-40.0,110.0,310.0,-27.0,209.0,74.0,-208.0,154.0,138.0,224.0,248.0,253.0,-245.0,,,87.0,137.0,-407.0,416.0,,,-212.0,-138.0,228.0,63.0,-17.0,159.0,190.0,-259.0,195.0,-217.0,-319.0,336.0,212.0,184.0,,,,,,,-332.0,290.0,272.0,-311.0,-203.0,117.0,-130.0,-203.0,197.0,-175.0,258.0,141.0,159.0,200.0,-186.0,-153.0,96.0,304.0,-162.0,-322.0,,,-251.0,-114.0,,
246.0,152.0,-195.0,60.0,-219.0,-81.0,214.0,24.0,-162.0,230.0,-178.0,260.0,80.0,-113.0,,,-448.0,317.0,-467.0,-105.0,-323.0,92.0,-214.0,-184.0,-242.0,154.0,94.0,113.0,-141.0,-197.0,-144.0,7.0,-217.0,-335.0,-148.0,58.0,117.0,-108.0,177.0,-271.0,321.0,337.0,5.0,122.0,-38.0,234.0,-1.0,183.0,,,115.0,-70.0,,,,,,,,,243.0,-167.0,,,,,-367.0,172.0,-70.0,390.0,157.0,-69.0,-95.0,377.0,123.0,-359.0,341.0,-167.0,,,,,-265.0,460.0,-299.0,213.0,,,,,245.0,233.0,123.0,103.0,247.0,-264.0,136.0,-72.0,-111.0,192.0,9.0,-277.0,99.0,89.0,-167.0,-75.0,,,228.0,82.0,-249.0,336.0,181.0,-177.0,111.0,-97.0,316.0,223.0,506.0,-352.0,,,320.0,-100.0,467.0,-288.0,345.0,120.0,-275.0,-268.0,128.0,229.0,232.0,-40.0,115.0,312.0,-16.0,217.0,75.0,-207.0,154.0,152.0,227.0,248.0,260.0,-248.0,,,101.0,103.0,-415.0,434.0,,,-215.0,-145.0,228.0,67.0,-19.0,163.0,202.0,-262.0,194.0,-223.0,-321.0,334.0,225.0,180.0,,,,,,,-333.0,291.0,285.0,-316.0,-207.0,114.0,-137.0,-207.0,198.0,-178.0,,,160.0,209.0,-187.0,-163.0,87.0,320.0,-163.0,-332.0,,,-254.0,-118.0,,
242.0,152.0,-185.0,58.0,-223.0,-90.0,,,-171.0,233.0,,,81.0,-113.0,,,-454.0,326.0,-470.0,-106.0,-335.0,94.0,-220.0,-195.0,-245.0,162.0,95.0,122.0,-135.0,-214.0,-152.0,15.0,-221.0,-350.0,-152.0,53.0,122.0,-115.0,179.0,-283.0,325.0,334.0,29.0,116.0,-51.0,257.0,4.0,171.0,,,96.0,-59.0,,,,,,,,,251.0,-173.0,,,,,-369.0,178.0,-75.0,396.0,161.0,-64.0,-66.0,387.0,125.0,-357.0,341.0,-168.0,,,,,-248.0,455.0,-306.0,217.0,,,,,255.0,244.0,123.0,112.0,251.0,-266.0,142.0,-63.0,-98.0,214.0,,,93.0,111.0,-168.0,-78.0,,,237.0,83.0,-251.0,337.0,182.0,-176.0,113.0,-101.0,316.0,234.0,506.0,-354.0,,,323.0,-104.0,463.0,-288.0,360.0,120.0,-283.0,-272.0,128.0,236.0,240.0,-44.0,123.0,312.0,-8.0,225.0,77.0,-205.0,154.0,165.0,233.0,247.0,265.0,-250.0,,,112.0,72.0,-420.0,450.0,,,-218.0,-153.0,228.0,69.0,-23.0,167.0,210.0,-263.0,193.0,-231.0,-322.0,333.0,233.0,176.0,,,,,,,-333.0,292.0,296.0,-320.0,-210.0,112.0,-143.0,-209.0,200.0,-181.0,,,160.0,217.0,-188.0,-172.0,79.0,337.0,-166.0,-341.0,,,-254.0,-120.0,,
238.0,154.0,-175.0,58.0,-227.0,-96.0,,,-181.0,236.0,,,85.0,-113.0,,,-458.0,335.0,-471.0,-107.0,-349.0,95.0,-224.0,-204.0,-249.0,172.0,95.0,133.0,-130.0,-228.0,-163.0,26.0,-224.0,-362.0,-158.0,43.0,125.0,-122.0,179.0,-295.0,329.0,330.0,56.0,110.0,-60.0,277.0,11.0,159.0,,,69.0,-46.0,,,,,,,,,260.0,-180.0,,,,,-369.0,182.0,-79.0,402.0,166.0,-60.0,-41.0,398.0,128.0,-355.0,,,,,,,-229.0,450.0,-314.0,221.0,,,,,264.0,257.0,124.0,123.0,256.0,-267.0,147.0,-56.0,-84.0,238.0,,,89.0,137.0,,,,,239.0,83.0,,,184.0,-174.0,114.0,-104.0,316.0,244.0,505.0,-355.0,,,338.0,-110.0,462.0,-287.0,368.0,122.0,-292.0,-276.0,129.0,242.0,246.0,-48.0,137.0,306.0,2.0,232.0,77.0,-203.0,151.0,179.0,240.0,244.0,267.0,-250.0,,,116.0,54.0,-424.0,463.0,,,-220.0,-159.0,229.0,73.0,-24.0,169.0,217.0,-264.0,192.0,-236.0,-322.0,334.0,241.0,173.0,,,,,,,,,304.0,-322.0,-212.0,108.0,-148.0,-211.0,201.0,-187.0,,,159.0,225.0,-188.0,-180.0,75.0,348.0,-169.0,-348.0,,,-255.0,-120.0,,
230.0,157.0,-168.0,57.0,-231.0,-104.0,,,-187.0,238.0,,,87.0,-113.0,,,-461.0,341.0,-472.0,-107.0,-364.0,97.0,-229.0,-211.0,-254.0,183.0,95.0,143.0,-126.0,-240.0,-170.0,33.0,-227.0,-372.0,-164.0,34.0,128.0,-130.0,179.0,-305.0,335.0,325.0,91.0,103.0,-62.0,292.0,19.0,148.0,,,41.0,-33.0,,,,,,,,,269.0,-188.0,,,,,-369.0,187.0,-81.0,406.0,169.0,-54.0,-16.0,408.0,131.0,-351.0,,,,,,,-206.0,446.0,-322.0,227.0,,,,,274.0,270.0,125.0,133.0,258.0,-268.0,150.0,-49.0,-70.0,259.0,,,85.0,166.0,,,,,242.0,83.0,,,,,114.0,-106.0,319.0,255.0,,,,,355.0,-121.0,,,369.0,123.0,-299.0,-278.0,129.0,247.0,245.0,-48.0,154.0,301.0,10.0,237.0,75.0,-204.0,150.0,194.0,248.0,241.0,,,,,117.0,42.0,-427.0,473.0,,,-221.0,-165.0,229.0,78.0,-25.0,170.0,223.0,-265.0,191.0,-238.0,,,246.0,173.0,,,,,,,,,307.0,-322.0,-216.0,104.0,-151.0,-212.0,202.0,-192.0,,,156.0,234.0,-189.0,-186.0,74.0,351.0,-175.0,-352.0,,,-255.0,-119.0,,
224.0,159.0,-167.0,57.0,-237.0,-111.0,,,-191.0,239.0,,,88.0,-112.0,,,-463.0,346.0,-472.0,-106.0,-370.0,97.0,-236.0,-218.0,-259.0,195.0,97.0,153.0,-122.0,-253.0,-178.0,43.0,-228.0,-378.0,-171.0,25.0,129.0,-135.0,179.0,-314.0,342.0,320.0,123.0,100.0,-61.0,305.0,31.0,137.0,,,7.0,-15.0,,,,,,,,,273.0,-193.0,,,,,-368.0,192.0,-82.0,407.0,175.0,-52.0,5.0,416.0,135.0,-342.0,,,,,,,-181.0,441.0,-332.0,233.0,,,,,284.0,285.0,127.0,141.0,259.0,-268.0,154.0,-41.0,-52.0,274.0,,,83.0,189.0,,,,,244.0,86.0,,,,,115.0,-107.0,320.0,263.0,,,,,371.0,-129.0,,,368.0,123.0,-308.0,-279.0,129.0,253.0,243.0,-47.0,173.0,294.0,17.0,244.0,73.0,-204.0,148.0,208.0,258.0,237.0,,,,,117.0,35.0,-428.0,479.0,,,-222.0,-170.0,230.0,84.0,-27.0,171.0,229.0,-265.0,190.0,-239.0,,,253.0,173.0,,,,,,,,,308.0,-322.0,-221.0,100.0,-153.0,-213.0,205.0,-197.0,,,153.0,244.0,-189.0,-193.0,75.0,354.0,-182.0,-356.0,,,,,,
222.0,159.0,-161.0,55.0,-240.0,-116.0,,,-192.0,240.0,,,91.0,-111.0,,,-464.0,350.0,,,-380.0,98.0,-242.0,-223.0,-266.0,210.0,99.0,159.0,-118.0,-264.0,-183.0,49.0,-229.0,-381.0,-181.0,15.0,129.0,-137.0,178.0,-322.0,350.0,314.0,153.0,96.0,-56.0,316.0,49.0,127.0,,,-29.0,3.0,,,,,,,,,280.0,-200.0,,,,,-366.0,197.0,-82.0,408.0,177.0,-46.0,22.0,423.0,141.0,-332.0,,,,,,,-153.0,437.0,-344.0,238.0,,,,,293.0,295.0,129.0,150.0,261.0,-268.0,159.0,-31.0,-30.0,286.0,,,80.0,214.0,,,,,246.0,88.0,,,,,,,321.0,270.0,,,,,380.0,-131.0,,,368.0,124.0,-320.0,-279.0,127.0,261.0,,,191.0,288.0,23.0,248.0,70.0,-204.0,148.0,220.0,267.0,233.0,,,,,117.0,41.0,-429.0,483.0,,,-223.0,-174.0,230.0,91.0,-30.0,172.0,233.0,-265.0,189.0,-239.0,,,260.0,172.0,,,,,,,,,308.0,-321.0,-227.0,94.0,-153.0,-214.0,205.0,-201.0,,,150.0,256.0,-188.0,-200.0,76.0,353.0,-191.0,-359.0,,,,,,
216.0,160.0,-157.0,53.0,-243.0,-120.0,,,-193.0,240.0,,,97.0,-111.0,,,-466.0,353.0,,,-386.0,99.0,-247.0,-227.0,-272.0,221.0,99.0,164.0,-115.0,-275.0,-184.0,52.0,-230.0,-381.0,-188.0,7.0,131.0,-143.0,177.0,-329.0,355.0,310.0,178.0,92.0,-49.0,322.0,65.0,119.0,,,-57.0,15.0,,,,,,,,,283.0,-206.0,,,,,-362.0,204.0,-81.0,408.0,181.0,-40.0,34.0,428.0,147.0,-320.0,,,,,,,-125.0,431.0,-356.0,244.0,,,,,305.0,304.0,132.0,156.0,264.0,-266.0,165.0,-20.0,-8.0,296.0,,,77.0,234.0,,,,,250.0,90.0,,,,,,,322.0,275.0,,,,,387.0,-133.0,,,366.0,124.0,-329.0,-281.0,124.0,269.0,,,209.0,283.0,28.0,254.0,69.0,-203.0,146.0,232.0,278.0,230.0,,,,,119.0,52.0,-430.0,485.0,,,-223.0,-177.0,232.0,99.0,,,238.0,-264.0,189.0,-238.0,,,271.0,172.0,,,,,,,,,309.0,-320.0,-239.0,85.0,-155.0,-214.0,207.0,-206.0,,,147.0,269.0,-187.0,-209.0,78.0,352.0,-201.0,-364.0,,,,,,
210.0,163.0,-149.0,49.0,-245.0,-125.0,,,,,,,104.0,-114.0,,,-467.0,355.0,,,-395.0,99.0,-252.0,-233.0,-278.0,233.0,100.0,169.0,-112.0,-285.0,-185.0,53.0,-230.0,-380.0,-193.0,2.0,132.0,-149.0,175.0,-336.0,361.0,306.0,198.0,90.0,-38.0,323.0,78.0,114.0,,,-76.0,23.0,,,,,,,,,286.0,-210.0,,,,,-358.0,213.0,,,185.0,-33.0,43.0,432.0,154.0,-306.0,,,,,,,-96.0,427.0,-360.0,246.0,,,,,317.0,312.0,135.0,161.0,266.0,-265.0,169.0,-13.0,8.0,302.0,,,73.0,253.0,,,,,256.0,89.0,,,,,,,322.0,276.0,,,,,390.0,-133.0,,,363.0,124.0,-337.0,-283.0,122.0,278.0,,,221.0,279.0,31.0,260.0,68.0,-203.0,144.0,241.0,289.0,226.0,,,,,121.0,66.0,,,,,-223.0,-182.0,235.0,107.0,,,241.0,-262.0,189.0,-236.0,,,279.0,172.0,,,,,,,,,310.0,-317.0,-252.0,76.0,-156.0,-214.0,207.0,-211.0,,,146.0,283.0,-187.0,-218.0,83.0,349.0,-210.0,-369.0,,,,,,
205.0,166.0,-145.0,48.0,-247.0,-132.0,,,,,,,111.0,-115.0,,,-469.0,355.0,,,-403.0,99.0,-256.0,-237.0,-285.0,244.0,102.0,173.0,-108.0,-295.0,-185.0,54.0,-230.0,-377.0,-197.0,-2.0,132.0,-153.0,172.0,-343.0,365.0,301.0,211.0,88.0,-24.0,320.0,88.0,112.0,,,-84.0,26.0,,,,,,,,,287.0,-212.0,,,,,-352.0,222.0,,,192.0,-30.0,46.0,433.0,162.0,-288.0,,,,,,,-71.0,423.0,-360.0,247.0,,,,,327.0,315.0,140.0,165.0,269.0,-265.0,172.0,-9.0,22.0,306.0,,,70.0,268.0,,,,,260.0,88.0,,,,,,,,,,,,,390.0,-131.0,,,,,-344.0,-284.0,123.0,282.0,,,230.0,276.0,35.0,265.0,,,143.0,248.0,305.0,221.0,,,,,122.0,85.0,,,,,-223.0,-184.0,236.0,115.0,,,243.0,-260.0,,,,,283.0,171.0,,,,,,,,,310.0,-315.0,-262.0,65.0,-164.0,-216.0,208.0,-213.0,,,144.0,295.0,-187.0,-229.0,91.0,345.0,-219.0,-370.0,,,,,,
203.0,167.0,-142.0,47.0,-250.0,-140.0,,,,,,,117.0,-116.0,,,-470.0,355.0,,,-408.0,99.0,-264.0,-242.0,-292.0,254.0,104.0,175.0,-106.0,-306.0,,,-233.0,-374.0,-197.0,-3.0,132.0,-156.0,168.0,-352.0,368.0,296.0,220.0,87.0,-8.0,317.0,95.0,112.0,,,-82.0,25.0,,,,,,,,,289.0,-215.0,,,,,-344.0,232.0,,,194.0,-28.0,47.0,433.0,171.0,-269.0,,,,,,,-47.0,417.0,-363.0,248.0,,,,,338.0,320.0,143.0,168.0,270.0,-266.0,173.0,-8.0,32.0,308.0,,,67.0,281.0,,,,,266.0,88.0,,,,,,,,,,,,,389.0,-128.0,,,,,-350.0,-286.0,124.0,282.0,,,238.0,272.0,39.0,269.0,,,141.0,256.0,324.0,214.0,,,,,123.0,106.0,,,,,-224.0,-186.0,238.0,121.0,,,245.0,-259.0,,,,,287.0,171.0,,,,,,,,,309.0,-311.0,-271.0,52.0,-175.0,-220.0,210.0,-220.0,,,143.0,305.0,-186.0,-240.0,100.0,342.0,-231.0,-370.0,,,,,,
202.0,168.0,-136.0,46.0,-255.0,-150.0,,,,,,,,,,,-470.0,356.0,,,-411.0,99.0,-270.0,-246.0,-300.0,265.0,105.0,175.0,-105.0,-314.0,,,-236.0,-369.0,-197.0,-2.0,132.0,-161.0,164.0,-362.0,371.0,293.0,222.0,87.0,13.0,310.0,100.0,112.0,,,-63.0,13.0,,,,,,,,,291.0,-217.0,,,,,-335.0,241.0,,,195.0,-27.0,,,182.0,-248.0,,,,,,,-28.0,409.0,-368.0,250.0,,,,,350.0,325.0,147.0,171.0,273.0,-268.0,173.0,-6.0,36.0,309.0,,,65.0,291.0,,,,,266.0,89.0,,,,,,,,,,,,,387.0,-124.0,,,,,-356.0,-286.0,130.0,281.0,,,245.0,268.0,42.0,274.0,,,140.0,265.0,341.0,209.0,,,,,123.0,136.0,,,,,-224.0,-187.0,241.0,125.0,,,246.0,-259.0,,,,,290.0,171.0,,,,,,,,,,,-279.0,41.0,-186.0,-223.0,215.0,-226.0,,,141.0,313.0,-185.0,-250.0,112.0,338.0,-243.0,-367.0,,,,,,
,,-128.0,45.0,-259.0,-160.0,,,,,,,,,,,,,,,,,-278.0,-250.0,-310.0,275.0,107.0,176.0,-105.0,-321.0,,,-241.0,-365.0,-197.0,1.0,132.0,-167.0,158.0,-373.0,372.0,291.0,219.0,87.0,39.0,300.0,102.0,108.0,,,-32.0,-4.0,,,,,,,,,292.0,-220.0,,,,,-325.0,249.0,,,196.0,-25.0,,,195.0,-227.0,,,,,,,-14.0,402.0,-376.0,255.0,,,,,361.0,328.0,152.0,174.0,276.0,-269.0,,,35.0,308.0,,,64.0,298.0,,,,,266.0,88.0,,,,,,,,,,,,,386.0,-123.0,,,,,-364.0,-287.0,138.0,279.0,,,250.0,266.0,46.0,277.0,,,137.0,274.0,354.0,207.0,,,,,121.0,168.0,,,,,,,244.0,130.0,,,246.0,-258.0,,,,,294.0,172.0,,,,,,,,,,,-285.0,29.0,-196.0,-227.0,221.0,-233.0,,,140.0,319.0,-183.0,-260.0,127.0,333.0,-258.0,-364.0,,,,,,
,,-121.0,45.0,-264.0,-169.0,,,,,,,,,,,,,,,,,-285.0,-254.0,-320.0,289.0,110.0,179.0,-105.0,-327.0,,,-248.0,-360.0,,,,,152.0,-383.0,372.0,289.0,212.0,91.0,69.0,285.0,107.0,106.0,,,5.0,-22.0,,,,,,,,,296.0,-226.0,,,,,-314.0,258.0,,,196.0,-24.0,,,208.0,-205.0,,,,,,,-5.0,395.0,-382.0,258.0,,,,,370.0,331.0,158.0,176.0,,,,,34.0,306.0,,,63.0,304.0,,,,,266.0,86.0,,,,,,,,,,,,,383.0,-122.0,,,,,-368.0,-288.0,147.0,277.0,,,256.0,264.0,48.0,279.0,,,134.0,284.0,366.0,205.0,,,,,122.0,200.0,,,,,,,245.0,135.0,,,245.0,-257.0,,,,,297.0,173.0,,,,,,,,,,,-289.0,17.0,-205.0,-230.0,224.0,-236.0,,,140.0,323.0,-184.0,-265.0,145.0,326.0,-273.0,-358.0,,,,,,
,,-115.0,45.0,-268.0,-176.0,,,,,,,,,,,,,,,,,-292.0,-256.0,-332.0,303.0,113.0,183.0,-105.0,-330.0,,,-256.0,-356.0,,,,,147.0,-391.0,372.0,288.0,201.0,96.0,106.0,272.0,111.0,105.0,,,40.0,-34.0,,,,,,,,,304.0,-233.0,,,,,-303.0,265.0,,,,,,,224.0,-186.0,,,,,,,1.0,388.0,-389.0,263.0,,,,,377.0,333.0,163.0,178.0,,,,,,,,,63.0,309.0,,,,,265.0,86.0,,,,,,,,,,,,,381.0,-121.0,,,,,-370.0,-289.0,157.0,275.0,,,260.0,262.0,49.0,281.0,,,131.0,296.0,381.0,201.0,,,,,127.0,227.0,,,,,,,247.0,140.0,,,244.0,-257.0,,,,,299.0,173.0,,,,,,,,,,,-295.0,7.0,-213.0,-233.0,227.0,-238.0,,,140.0,325.0,-185.0,-268.0,172.0,318.0,-289.0,-355.0,,,,,,
,,-111.0,45.0,-271.0,-183.0,,,,,,,,,,,,,,,,,-297.0,-259.0,-341.0,313.0,118.0,186.0,-105.0,-334.0,,,-265.0,-352.0,,,,,137.0,-400.0,,,185.0,104.0,149.0,260.0,112.0,105.0,,,68.0,-45.0,,,,,,,,,307.0,-235.0,,,,,-292.0,271.0,,,,,,,241.0,-166.0,,,,,,,5.0,383.0,-398.0,268.0,,,,,383.0,333.0,171.0,179.0,,,,,,,,,64.0,312.0,,,,,,,,,,,,,,,,,,,378.0,-119.0,,,,,-371.0,-289.0,168.0,273.0,,,268.0,259.0,,,,,129.0,307.0,393.0,196.0,,,,,134.0,249.0,,,,,,,251.0,146.0,,,,,,,,,300.0,175.0,,,,,,,,,,,-299.0,-2.0,-220.0,-235.0,228.0,-238.0,,,140.0,326.0,-186.0,-269.0,197.0,310.0,-308.0,-350.0,,,,,,
,,-108.0,47.0,,,,,,,,,,,,,,,,,,,-302.0,-259.0,-349.0,319.0,125.0,189.0,-106.0,-335.0,,,-269.0,-350.0,,,,,125.0,-404.0,,,161.0,116.0,197.0,247.0,112.0,106.0,,,96.0,-54.0,,,,,,,,,309.0,-236.0,,,,,-280.0,276.0,,,,,,,256.0,-148.0,,,,,,,9.0,380.0,-407.0,271.0,,,,,387.0,333.0,180.0,181.0,,,,,,,,,67.0,313.0,,,,,,,,,,,,,,,,,,,375.0,-119.0,,,,,,,177.0,273.0,,,275.0,257.0,,,,,129.0,315.0,405.0,192.0,,,,,140.0,264.0,,,,,,,254.0,153.0,,,,,,,,,301.0,176.0,,,,,,,,,,,-306.0,-10.0,-225.0,-235.0,231.0,-238.0,,,144.0,327.0,-187.0,-269.0,223.0,302.0,-329.0,-346.0,,,,,,
,,-104.0,48.0,,,,,,,,,,,,,,,,,,,-312.0,-261.0,-356.0,322.0,131.0,193.0,-109.0,-335.0,,,-274.0,-348.0,,,,,115.0,-408.0,,,133.0,131.0,241.0,233.0,111.0,106.0,,,115.0,-59.0,,,,,,,,,310.0,-237.0,,,,,-267.0,280.0,,,,,,,269.0,-131.0,,,,,,,16.0,374.0,-414.0,274.0,,,,,391.0,330.0,189.0,182.0,,,,,,,,,74.0,313.0,,,,,,,,,,,,,,,,,,,,,,,,,,,185.0,272.0,,,280.0,256.0,,,,,130.0,315.0,414.0,190.0,,,,,147.0,270.0,,,,,,,259.0,161.0,,,,,,,,,301.0,177.0,,,,,,,,,,,-312.0,-19.0,-229.0,-235.0,234.0,-239.0,,,153.0,326.0,-190.0,-269.0,248.0,293.0,-350.0,-344.0,,,,,,
,,-97.0,49.0,,,,,,,,,,,,,,,,,,,-323.0,-262.0,-362.0,326.0,136.0,198.0,-112.0,-336.0,,,-278.0,-347.0,,,,,106.0,-411.0,,,102.0,149.0,287.0,225.0,109.0,107.0,,,123.0,-62.0,,,,,,,,,310.0,-238.0,,,,,-252.0,284.0,,,,,,,280.0,-113.0,,,,,,,26.0,367.0,-419.0,277.0,,,,,395.0,326.0,197.0,184.0,,,,,,,,,85.0,309.0,,,,,,,,,,,,,,,,,,,,,,,,,,,198.0,271.0,,,286.0,253.0,,,,,131.0,316.0,419.0,189.0,,,,,149.0,272.0,,,,,,,264.0,168.0,,,,,,,,,300.0,177.0,,,,,,,,,,,-317.0,-26.0,-231.0,-234.0,239.0,-240.0,,,165.0,325.0,-194.0,-269.0,270.0,285.0,-373.0,-342.0,,,,,,
,,-88.0,51.0,,,,,,,,,,,,,,,,,,,-333.0,-262.0,-368.0,328.0,142.0,203.0,-117.0,-336.0,,,-285.0,-343.0,,,,,95.0,-414.0,,,70.0,168.0,327.0,217.0,107.0,107.0,,,124.0,-63.0,,,,,,,,,309.0,-238.0,,,,,-236.0,288.0,,,,,,,289.0,-95.0,,,,,,,31.0,363.0,-420.0,278.0,,,,,404.0,321.0,207.0,185.0,,,,,,,,,102.0,304.0,,,,,,,,,,,,,,,,,,,,,,,,,,,211.0,271.0,,,287.0,253.0,,,,,136.0,314.0,425.0,187.0,,,,,149.0,271.0,,,,,,,268.0,173.0,,,,,,,,,299.0,178.0,,,,,,,,,,,-323.0,-34.0,-235.0,-233.0,243.0,-241.0,,,178.0,323.0,-199.0,-269.0,285.0,279.0,-393.0,-342.0,,,,,,
,,-80.0,51.0,,,,,,,,,,,,,,,,,,,-341.0,-263.0,-375.0,330.0,149.0,207.0,-125.0,-338.0,,,-295.0,-340.0,,,,,83.0,-416.0,,,40.0,187.0,359.0,213.0,105.0,106.0,,,121.0,-63.0,,,,,,,,,310.0,-238.0,,,,,-222.0,293.0,,,,,,,296.0,-79.0,,,,,,,33.0,361.0,-423.0,280.0,,,,,416.0,316.0,218.0,186.0,,,,,,,,,122.0,300.0,,,,,,,,,,,,,,,,,,,,,,,,,,,221.0,271.0,,,287.0,254.0,,,,,145.0,310.0,432.0,186.0,,,,,148.0,270.0,,,,,,,273.0,179.0,,,,,,,,,,,,,,,,,,,,,-327.0,-41.0,-241.0,-233.0,245.0,-241.0,,,192.0,322.0,-205.0,-269.0,298.0,273.0,-412.0,-342.0,,,,,,
,,-70.0,53.0,,,,,,,,,,,,,,,,,,,-348.0,-263.0,-383.0,333.0,157.0,210.0,-135.0,-339.0,,,-303.0,-337.0,,,,,69.0,-417.0,,,12.0,204.0,381.0,209.0,105.0,105.0,,,113.0,-58.0,,,,,,,,,310.0,-240.0,,,,,-201.0,298.0,,,,,,,301.0,-67.0,,,,,,,34.0,360.0,-427.0,283.0,,,,,426.0,312.0,,,,,,,,,,,141.0,297.0,,,,,,,,,,,,,,,,,,,,,,,,,,,227.0,273.0,,,,,,,,,156.0,305.0,433.0,186.0,,,,,146.0,270.0,,,,,,,278.0,183.0,,,,,,,,,,,,,,,,,,,,,-331.0,-49.0,-249.0,-233.0,251.0,-242.0,,,203.0,320.0,-216.0,-268.0,313.0,266.0,-433.0,-342.0,,,,,,
,,-61.0,54.0,,,,,,,,,,,,,,,,,,,-352.0,-263.0,-388.0,335.0,163.0,209.0,-146.0,-339.0,,,-306.0,-335.0,,,,,57.0,-418.0,,,-16.0,220.0,391.0,208.0,,,,,100.0,-53.0,,,,,,,,,,,,,,,-180.0,301.0,,,,,,,308.0,-56.0,,,,,,,,,-433.0,287.0,,,,,434.0,311.0,,,,,,,,,,,163.0,295.0,,,,,,,,,,,,,,,,,,,,,,,,,,,230.0,273.0,,,,,,,,,169.0,301.0,433.0,187.0,,,,,145.0,270.0,,,,,,,282.0,184.0,,,,,,,,,,,,,,,,,,,,,-334.0,-58.0,-256.0,-234.0,258.0,-243.0,,,213.0,318.0,-227.0,-268.0,324.0,262.0,-450.0,-341.0,,,,,,
,,-54.0,56.0,,,,,,,,,,,,,,,,,,,-355.0,-263.0,-392.0,337.0,168.0,208.0,-157.0,-340.0,,,-308.0,-334.0,,,,,47.0,-419.0,,,-39.0,236.0,393.0,207.0,,,,,88.0,-47.0,,,,,,,,,,,,,,,-155.0,304.0,,,,,,,314.0,-47.0,,,,,,,,,-435.0,287.0,,,,,439.0,310.0,,,,,,,,,,,185.0,292.0,,,,,,,,,,,,,,,,,,,,,,,,,,,235.0,274.0,,,,,,,,,180.0,297.0,432.0,187.0,,,,,143.0,271.0,,,,,,,285.0,187.0,,,,,,,,,,,,,,,,,,,,,-336.0,-66.0,-259.0,-234.0,264.0,-245.0,,,225.0,315.0,-232.0,-269.0,330.0,259.0,-465.0,-341.0,,,,,,
,,-46.0,57.0,,,,,,,,,,,,,,,,,,,-356.0,-264.0,-395.0,338.0,172.0,207.0,-167.0,-340.0,,,-311.0,-334.0,,,,,37.0,-421.0,,,-56.0,250.0,393.0,205.0,,,,,72.0,-42.0,,,,,,,,,,,,,,,-127.0,307.0,,,,,,,322.0,-38.0,,,,,,,,,-443.0,290.0,,,,,442.0,309.0,,,,,,,,,,,203.0,287.0,,,,,,,,,,,,,,,,,,,,,,,,,,,240.0,274.0,,,,,,,,,197.0,293.0,431.0,188.0,,,,,142.0,272.0,,,,,,,289.0,190.0,,,,,,,,,,,,,,,,,,,,,-339.0,-73.0,-264.0,-231.0,271.0,-245.0,,,236.0,312.0,-237.0,-271.0,331.0,259.0,-476.0,-341.0,,,,,,
,,-41.0,56.0,,,,,,,,,,,,,,,,,,,-357.0,-264.0,-399.0,339.0,178.0,205.0,-176.0,-341.0,,,-313.0,-334.0,,,,,31.0,-422.0,,,-69.0,260.0,392.0,204.0,,,,,58.0,-37.0,,,,,,,,,,,,,,,-100.0,308.0,,,,,,,327.0,-32.0,,,,,,,,,-444.0,290.0,,,,,445.0,309.0,,,,,,,,,,,216.0,285.0,,,,,,,,,,,,,,,,,,,,,,,,,,,242.0,274.0,,,,,,,,,219.0,287.0,,,,,,,,,,,,,,,293.0,194.0,,,,,,,,,,,,,,,,,,,,,-342.0,-79.0,-270.0,-229.0,276.0,-245.0,,,247.0,311.0,-241.0,-272.0,329.0,259.0,-485.0,-340.0,,,,,,
,,-39.0,56.0,,,,,,,,,,,,,,,,,,,-359.0,-264.0,-405.0,340.0,186.0,202.0,-184.0,-341.0,,,-318.0,-331.0,,,,,25.0,-424.0,,,-73.0,267.0,389.0,207.0,,,,,48.0,-34.0,,,,,,,,,,,,,,,-77.0,313.0,,,,,,,333.0,-25.0,,,,,,,,,-450.0,292.0,,,,,447.0,309.0,,,,,,,,,,,217.0,285.0,,,,,,,,,,,,,,,,,,,,,,,,,,,242.0,275.0,,,,,,,,,236.0,282.0,,,,,,,,,,,,,,,298.0,199.0,,,,,,,,,,,,,,,,,,,,,-343.0,-82.0,-271.0,-228.0,284.0,-246.0,,,263.0,308.0,-248.0,-274.0,328.0,259.0,-488.0,-339.0,,,,,,
,,-39.0,55.0,,,,,,,,,,,,,,,,,,,-360.0,-263.0,-410.0,340.0,195.0,200.0,-196.0,-341.0,,,-324.0,-328.0,,,,,20.0,-425.0,,,-74.0,270.0,382.0,214.0,,,,,41.0,-31.0,,,,,,,,,,,,,,,-56.0,315.0,,,,,,,336.0,-22.0,,,,,,,,,-450.0,294.0,,,,,448.0,309.0,,,,,,,,,,,220.0,284.0,,,,,,,,,,,,,,,,,,,,,,,,,,,,,,,,,,,,,250.0,278.0,,,,,,,,,,,,,,,302.0,198.0,,,,,,,,,,,,,,,,,,,,,-344.0,-84.0,-277.0,-225.0,284.0,-245.0,,,280.0,306.0,-250.0,-274.0,,,-489.0,-339.0,,,,,,
,,-36.0,49.0,,,,,,,,,,,,,,,,,,,-362.0,-262.0,-415.0,341.0,202.0,198.0,-206.0,-340.0,,,-331.0,-326.0,,,,,15.0,-425.0,,,-63.0,267.0,367.0,225.0,,,,,39.0,-29.0,,,,,,,,,,,,,,,-38.0,317.0,,,,,,,337.0,-21.0,,,,,,,,,-449.0,294.0,,,,,,,,,,,,,,,,,217.0,285.0,,,,,,,,,,,,,,,,,,,,,,,,,,,,,,,,,,,,,261.0,275.0,,,,,,,,,,,,,,,305.0,197.0,,,,,,,,,,,,,,,,,,,,,-344.0,-86.0,-282.0,-223.0,286.0,-244.0,,,295.0,303.0,,,,,-489.0,-338.0,,,,,,
,,-34.0,46.0,,,,,,,,,,,,,,,,,,,-365.0,-261.0,-421.0,341.0,207.0,196.0,-207.0,-340.0,,,-340.0,-323.0,,,,,13.0,-424.0,,,-45.0,261.0,341.0,243.0,,,,,39.0,-28.0,,,,,,,,,,,,,,,-22.0,318.0,,,,,,,337.0,-19.0,,,,,,,,,,,,,,,,,,,,,,,,,,,213.0,287.0,,,,,,,,,,,,,,,,,,,,,,,,,,,,,,,,,,,,,265.0,275.0,,,,,,,,,,,,,,,310.0,196.0,,,,,,,,,,,,,,,,,,,,,-345.0,-87.0,-284.0,-221.0,287.0,-243.0,,,309.0,300.0,,,,,,,,,,,,
,,-32.0,44.0,,,,,,,,,,,,,,,,,,,,,-424.0,341.0,211.0,194.0,-207.0,-339.0,,,-341.0,-322.0,,,,,9.0,-424.0,,,-19.0,253.0,303.0,266.0,,,,,,,,,,,,,,,,,,,,,-9.0,319.0,,,,,,,336.0,-17.0,,,,,,,,,,,,,,,,,,,,,,,,,,,208.0,289.0,,,,,,,,,,,,,,,,,,,,,,,,,,,,,,,,,,,,,271.0,273.0,,,,,,,,,,,,,,,312.0,195.0,,,,,,,,,,,,,,,,,,,,,-345.0,-88.0,,,,,,,316.0,299.0,,,,,,,,,,,,
,,-31.0,42.0,,,,,,,,,,,,,,,,,,,,,-431.0,342.0,217.0,191.0,,,,,-340.0,-322.0,,,,,4.0,-423.0,,,14.0,243.0,261.0,292.0,,,,,,,,,,,,,,,,,,,,,0.0,320.0,,,,,,,,,,,,,,,,,,,,,,,,,,,,,,,,,,,202.0,291.0,,,,,,,,,,,,,,,,,,,,,,,,,,,,,,,,,,,,,278.0,271.0,,,,,,,,,,,,,,,316.0,193.0,,,,,,,,,,,,,,,,,,,,,-346.0,-88.0,,,,,,,320.0,299.0,,,,,,,,,,,,
,,-30.0,37.0,,,,,,,,,,,,,,,,,,,,,-435.0,342.0,220.0,191.0,,,,,,,,,,,-2.0,-423.0,,,50.0,237.0,222.0,317.0,,,,,,,,,,,,,,,,,,,,,4.0,320.0,,,,,,,,,,,,,,,,,,,,,,,,,,,,,,,,,,,201.0,292.0,,,,,,,,,,,,,,,,,,,,,,,,,,,,,,,,,,,,,282.0,270.0,,,,,,,,,,,,,,,317.0,193.0,,,,,,,,,,,,,,,,,,,,,,,,,,,,,323.0,299.0,,,,,,,,,,,,
,,-29.0,34.0,,,,,,,,,,,,,,,,,,,,,,,222.0,191.0,,,,,,,,,,,-7.0,-425.0,,,83.0,231.0,183.0,340.0,,,,,,,,,,,,,,,,,,,,,5.0,321.0,,,,,,,,,,,,,,,,,,,,,,,,,,,,,,,,,,,200.0,291.0,,,,,,,,,,,,,,,,,,,,,,,,,,,,,,,,,,,,,,,,,,,,,,,,,,,,,325.0,191.0,,,,,,,,,,,,,,,,,,,,,,,,,,,,,323.0,298.0,,,,,,,,,,,,
,,-28.0,30.0,,,,,,,,,,,,,,,,,,,,,,,222.0,190.0,,,,,,,,,,,-11.0,-426.0,,,109.0,226.0,155.0,359.0,,,,,,,,,,,,,,,,,,,,,5.0,320.0,,,,,,,,,,,,,,,,,,,,,,,,,,,,,,,,,,,,,,,,,,,,,,,,,,,,,,,,,,,,,,,,,,,,,,,,,,,,,,,,,,,,,,,,,332.0,189.0,,,,,,,,,,,,,,,,,,,,,,,,,,,,,,,,,,,,,,,,,,
,,-28.0,27.0,,,,,,,,,,,,,,,,,,,,,,,,,,,,,,,,,,,-14.0,-427.0,,,129.0,222.0,136.0,378.0,,,,,,,,,,,,,,,,,,,,,5.0,321.0,,,,,,,,,,,,,,,,,,,,,,,,,,,,,,,,,,,,,,,,,,,,,,,,,,,,,,,,,,,,,,,,,,,,,,,,,,,,,,,,,,,,,,,,,338.0,187.0,,,,,,,,,,,,,,,,,,,,,,,,,,,,,,,,,,,,,,,,,,
,,-28.0,23.0,,,,,,,,,,,,,,,,,,,,,,,,,,,,,,,,,,,-16.0,-428.0,,,144.0,219.0,119.0,398.0,,,,,,,,,,,,,,,,,,,,,,,,,,,,,,,,,,,,,,,,,,,,,,,,,,,,,,,,,,,,,,,,,,,,,,,,,,,,,,,,,,,,,,,,,,,,,,,,,,,,,,,,,,,,,,,344.0,187.0,,,,,,,,,,,,,,,,,,,,,,,,,,,,,,,,,,,,,,,,,,
,,-25.0,18.0,,,,,,,,,,,,,,,,,,,,,,,,,,,,,,,,,,,-17.0,-428.0,,,149.0,217.0,109.0,414.0,,,,,,,,,,,,,,,,,,,,,,,,,,,,,,,,,,,,,,,,,,,,,,,,,,,,,,,,,,,,,,,,,,,,,,,,,,,,,,,,,,,,,,,,,,,,,,,,,,,,,,,,,,,,,,,344.0,188.0,,,,,,,,,,,,,,,,,,,,,,,,,,,,,,,,,,,,,,,,,,
,,-22.0,14.0,,,,,,,,,,,,,,,,,,,,,,,,,,,,,,,,,,,-18.0,-427.0,,,151.0,215.0,102.0,429.0,,,,,,,,,,,,,,,,,,,,,,,,,,,,,,,,,,,,,,,,,,,,,,,,,,,,,,,,,,,,,,,,,,,,,,,,,,,,,,,,,,,,,,,,,,,,,,,,,,,,,,,,,,,,,,,,,,,,,,,,,,,,,,,,,,,,,,,,,,,,,,,,,,,,,,,,,,
,,-18.0,10.0,,,,,,,,,,,,,,,,,,,,,,,,,,,,,,,,,,,-18.0,-426.0,,,151.0,214.0,98.0,439.0,,,,,,,,,,,,,,,,,,,,,,,,,,,,,,,,,,,,,,,,,,,,,,,,,,,,,,,,,,,,,,,,,,,,,,,,,,,,,,,,,,,,,,,,,,,,,,,,,,,,,,,,,,,,,,,,,,,,,,,,,,,,,,,,,,,,,,,,,,,,,,,,,,,,,,,,,,
,,-18.0,11.0,,,,,,,,,,,,,,,,,,,,,,,,,,,,,,,,,,,-15.0,-426.0,,,151.0,215.0,97.0,446.0,,,,,,,,,,,,,,,,,,,,,,,,,,,,,,,,,,,,,,,,,,,,,,,,,,,,,,,,,,,,,,,,,,,,,,,,,,,,,,,,,,,,,,,,,,,,,,,,,,,,,,,,,,,,,,,,,,,,,,,,,,,,,,,,,,,,,,,,,,,,,,,,,,,,,,,,,,
,,-15.0,12.0,,,,,,,,,,,,,,,,,,,,,,,,,,,,,,,,,,,-13.0,-425.0,,,151.0,217.0,97.0,450.0,,,,,,,,,,,,,,,,,,,,,,,,,,,,,,,,,,,,,,,,,,,,,,,,,,,,,,,,,,,,,,,,,,,,,,,,,,,,,,,,,,,,,,,,,,,,,,,,,,,,,,,,,,,,,,,,,,,,,,,,,,,,,,,,,,,,,,,,,,,,,,,,,,,,,,,,,,
,,-11.0,15.0,,,,,,,,,,,,,,,,,,,,,,,,,,,,,,,,,,,-12.0,-425.0,,,,,98.0,453.0,,,,,,,,,,,,,,,,,,,,,,,,,,,,,,,,,,,,,,,,,,,,,,,,,,,,,,,,,,,,,,,,,,,,,,,,,,,,,,,,,,,,,,,,,,,,,,,,,,,,,,,,,,,,,,,,,,,,,,,,,,,,,,,,,,,,,,,,,,,,,,,,,,,,,,,,,,
,,-5.0,17.0,,,,,,,,,,,,,,,,,,,,,,,,,,,,,,,,,,,-10.0,-425.0,,,,,98.0,454.0,,,,,,,,,,,,,,,,,,,,,,,,,,,,,,,,,,,,,,,,,,,,,,,,,,,,,,,,,,,,,,,,,,,,,,,,,,,,,,,,,,,,,,,,,,,,,,,,,,,,,,,,,,,,,,,,,,,,,,,,,,,,,,,,,,,,,,,,,,,,,,,,,,,,,,,,,,
,,-3.0,19.0,,,,,,,,,,,,,,,,,,,,,,,,,,,,,,,,,,,,,,,,,,,,,,,,,,,,,,,,,,,,,,,,,,,,,,,,,,,,,,,,,,,,,,,,,,,,,,,,,,,,,,,,,,,,,,,,,,,,,,,,,,,,,,,,,,,,,,,,,,,,,,,,,,,,,,,,,,,,,,,,,,,,,,,,,,,,,,,,,,,,,,,,,,,,,,,,,,,,
,,-1.0,20.0,,,,,,,,,,,,,,,,,,,,,,,,,,,,,,,,,,,,,,,,,,,,,,,,,,,,,,,,,,,,,,,,,,,,,,,,,,,,,,,,,,,,,,,,,,,,,,,,,,,,,,,,,,,,,,,,,,,,,,,,,,,,,,,,,,,,,,,,,,,,,,,,,,,,,,,,,,,,,,,,,,,,,,,,,,,,,,,,,,,,,,,,,,,,,,,,,,,,
,,-1.0,22.0,,,,,,,,,,,,,,,,,,,,,,,,,,,,,,,,,,,,,,,,,,,,,,,,,,,,,,,,,,,,,,,,,,,,,,,,,,,,,,,,,,,,,,,,,,,,,,,,,,,,,,,,,,,,,,,,,,,,,,,,,,,,,,,,,,,,,,,,,,,,,,,,,,,,,,,,,,,,,,,,,,,,,,,,,,,,,,,,,,,,,,,,,,,,,,,,,,,,
,,1.0,25.0,,,,,,,,,,,,,,,,,,,,,,,,,,,,,,,,,,,,,,,,,,,,,,,,,,,,,,,,,,,,,,,,,,,,,,,,,,,,,,,,,,,,,,,,,,,,,,,,,,,,,,,,,,,,,,,,,,,,,,,,,,,,,,,,,,,,,,,,,,,,,,,,,,,,,,,,,,,,,,,,,,,,,,,,,,,,,,,,,,,,,,,,,,,,,,,,,,,,
,,2.0,28.0,,,,,,,,,,,,,,,,,,,,,,,,,,,,,,,,,,,,,,,,,,,,,,,,,,,,,,,,,,,,,,,,,,,,,,,,,,,,,,,,,,,,,,,,,,,,,,,,,,,,,,,,,,,,,,,,,,,,,,,,,,,,,,,,,,,,,,,,,,,,,,,,,,,,,,,,,,,,,,,,,,,,,,,,,,,,,,,,,,,,,,,,,,,,,,,,,,,,
,,5.0,32.0,,,,,,,,,,,,,,,,,,,,,,,,,,,,,,,,,,,,,,,,,,,,,,,,,,,,,,,,,,,,,,,,,,,,,,,,,,,,,,,,,,,,,,,,,,,,,,,,,,,,,,,,,,,,,,,,,,,,,,,,,,,,,,,,,,,,,,,,,,,,,,,,,,,,,,,,,,,,,,,,,,,,,,,,,,,,,,,,,,,,,,,,,,,,,,,,,,,,
,,7.0,37.0,,,,,,,,,,,,,,,,,,,,,,,,,,,,,,,,,,,,,,,,,,,,,,,,,,,,,,,,,,,,,,,,,,,,,,,,,,,,,,,,,,,,,,,,,,,,,,,,,,,,,,,,,,,,,,,,,,,,,,,,,,,,,,,,,,,,,,,,,,,,,,,,,,,,,,,,,,,,,,,,,,,,,,,,,,,,,,,,,,,,,,,,,,,,,,,,,,,,
,,11.0,43.0,,,,,,,,,,,,,,,,,,,,,,,,,,,,,,,,,,,,,,,,,,,,,,,,,,,,,,,,,,,,,,,,,,,,,,,,,,,,,,,,,,,,,,,,,,,,,,,,,,,,,,,,,,,,,,,,,,,,,,,,,,,,,,,,,,,,,,,,,,,,,,,,,,,,,,,,,,,,,,,,,,,,,,,,,,,,,,,,,,,,,,,,,,,,,,,,,,,,
,,15.0,50.0,,,,,,,,,,,,,,,,,,,,,,,,,,,,,,,,,,,,,,,,,,,,,,,,,,,,,,,,,,,,,,,,,,,,,,,,,,,,,,,,,,,,,,,,,,,,,,,,,,,,,,,,,,,,,,,,,,,,,,,,,,,,,,,,,,,,,,,,,,,,,,,,,,,,,,,,,,,,,,,,,,,,,,,,,,,,,,,,,,,,,,,,,,,,,,,,,,,,
,,20.0,57.0,,,,,,,,,,,,,,,,,,,,,,,,,,,,,,,,,,,,,,,,,,,,,,,,,,,,,,,,,,,,,,,,,,,,,,,,,,,,,,,,,,,,,,,,,,,,,,,,,,,,,,,,,,,,,,,,,,,,,,,,,,,,,,,,,,,,,,,,,,,,,,,,,,,,,,,,,,,,,,,,,,,,,,,,,,,,,,,,,,,,,,,,,,,,,,,,,,,,
,,26.0,67.0,,,,,,,,,,,,,,,,,,,,,,,,,,,,,,,,,,,,,,,,,,,,,,,,,,,,,,,,,,,,,,,,,,,,,,,,,,,,,,,,,,,,,,,,,,,,,,,,,,,,,,,,,,,,,,,,,,,,,,,,,,,,,,,,,,,,,,,,,,,,,,,,,,,,,,,,,,,,,,,,,,,,,,,,,,,,,,,,,,,,,,,,,,,,,,,,,,,,
,,33.0,74.0,,,,,,,,,,,,,,,,,,,,,,,,,,,,,,,,,,,,,,,,,,,,,,,,,,,,,,,,,,,,,,,,,,,,,,,,,,,,,,,,,,,,,,,,,,,,,,,,,,,,,,,,,,,,,,,,,,,,,,,,,,,,,,,,,,,,,,,,,,,,,,,,,,,,,,,,,,,,,,,,,,,,,,,,,,,,,,,,,,,,,,,,,,,,,,,,,,,,
,,42.0,81.0,,,,,,,,,,,,,,,,,,,,,,,,,,,,,,,,,,,,,,,,,,,,,,,,,,,,,,,,,,,,,,,,,,,,,,,,,,,,,,,,,,,,,,,,,,,,,,,,,,,,,,,,,,,,,,,,,,,,,,,,,,,,,,,,,,,,,,,,,,,,,,,,,,,,,,,,,,,,,,,,,,,,,,,,,,,,,,,,,,,,,,,,,,,,,,,,,,,,
,,50.0,87.0,,,,,,,,,,,,,,,,,,,,,,,,,,,,,,,,,,,,,,,,,,,,,,,,,,,,,,,,,,,,,,,,,,,,,,,,,,,,,,,,,,,,,,,,,,,,,,,,,,,,,,,,,,,,,,,,,,,,,,,,,,,,,,,,,,,,,,,,,,,,,,,,,,,,,,,,,,,,,,,,,,,,,,,,,,,,,,,,,,,,,,,,,,,,,,,,,,,,
,,57.0,93.0,,,,,,,,,,,,,,,,,,,,,,,,,,,,,,,,,,,,,,,,,,,,,,,,,,,,,,,,,,,,,,,,,,,,,,,,,,,,,,,,,,,,,,,,,,,,,,,,,,,,,,,,,,,,,,,,,,,,,,,,,,,,,,,,,,,,,,,,,,,,,,,,,,,,,,,,,,,,,,,,,,,,,,,,,,,,,,,,,,,,,,,,,,,,,,,,,,,,
,,63.0,99.0,,,,,,,,,,,,,,,,,,,,,,,,,,,,,,,,,,,,,,,,,,,,,,,,,,,,,,,,,,,,,,,,,,,,,,,,,,,,,,,,,,,,,,,,,,,,,,,,,,,,,,,,,,,,,,,,,,,,,,,,,,,,,,,,,,,,,,,,,,,,,,,,,,,,,,,,,,,,,,,,,,,,,,,,,,,,,,,,,,,,,,,,,,,,,,,,,,,,
,,69.0,106.0,,,,,,,,,,,,,,,,,,,,,,,,,,,,,,,,,,,,,,,,,,,,,,,,,,,,,,,,,,,,,,,,,,,,,,,,,,,,,,,,,,,,,,,,,,,,,,,,,,,,,,,,,,,,,,,,,,,,,,,,,,,,,,,,,,,,,,,,,,,,,,,,,,,,,,,,,,,,,,,,,,,,,,,,,,,,,,,,,,,,,,,,,,,,,,,,,,,,
,,74.0,115.0,,,,,,,,,,,,,,,,,,,,,,,,,,,,,,,,,,,,,,,,,,,,,,,,,,,,,,,,,,,,,,,,,,,,,,,,,,,,,,,,,,,,,,,,,,,,,,,,,,,,,,,,,,,,,,,,,,,,,,,,,,,,,,,,,,,,,,,,,,,,,,,,,,,,,,,,,,,,,,,,,,,,,,,,,,,,,,,,,,,,,,,,,,,,,,,,,,,,
,,79.0,120.0,,,,,,,,,,,,,,,,,,,,,,,,,,,,,,,,,,,,,,,,,,,,,,,,,,,,,,,,,,,,,,,,,,,,,,,,,,,,,,,,,,,,,,,,,,,,,,,,,,,,,,,,,,,,,,,,,,,,,,,,,,,,,,,,,,,,,,,,,,,,,,,,,,,,,,,,,,,,,,,,,,,,,,,,,,,,,,,,,,,,,,,,,,,,,,,,,,,,
,,85.0,123.0,,,,,,,,,,,,,,,,,,,,,,,,,,,,,,,,,,,,,,,,,,,,,,,,,,,,,,,,,,,,,,,,,,,,,,,,,,,,,,,,,,,,,,,,,,,,,,,,,,,,,,,,,,,,,,,,,,,,,,,,,,,,,,,,,,,,,,,,,,,,,,,,,,,,,,,,,,,,,,,,,,,,,,,,,,,,,,,,,,,,,,,,,,,,,,,,,,,,
,,89.0,125.0,,,,,,,,,,,,,,,,,,,,,,,,,,,,,,,,,,,,,,,,,,,,,,,,,,,,,,,,,,,,,,,,,,,,,,,,,,,,,,,,,,,,,,,,,,,,,,,,,,,,,,,,,,,,,,,,,,,,,,,,,,,,,,,,,,,,,,,,,,,,,,,,,,,,,,,,,,,,,,,,,,,,,,,,,,,,,,,,,,,,,,,,,,,,,,,,,,,,
,,92.0,128.0,,,,,,,,,,,,,,,,,,,,,,,,,,,,,,,,,,,,,,,,,,,,,,,,,,,,,,,,,,,,,,,,,,,,,,,,,,,,,,,,,,,,,,,,,,,,,,,,,,,,,,,,,,,,,,,,,,,,,,,,,,,,,,,,,,,,,,,,,,,,,,,,,,,,,,,,,,,,,,,,,,,,,,,,,,,,,,,,,,,,,,,,,,,,,,,,,,,,
,,96.0,132.0,,,,,,,,,,,,,,,,,,,,,,,,,,,,,,,,,,,,,,,,,,,,,,,,,,,,,,,,,,,,,,,,,,,,,,,,,,,,,,,,,,,,,,,,,,,,,,,,,,,,,,,,,,,,,,,,,,,,,,,,,,,,,,,,,,,,,,,,,,,,,,,,,,,,,,,,,,,,,,,,,,,,,,,,,,,,,,,,,,,,,,,,,,,,,,,,,,,,
,,104.0,137.0,,,,,,,,,,,,,,,,,,,,,,,,,,,,,,,,,,,,,,,,,,,,,,,,,,,,,,,,,,,,,,,,,,,,,,,,,,,,,,,,,,,,,,,,,,,,,,,,,,,,,,,,,,,,,,,,,,,,,,,,,,,,,,,,,,,,,,,,,,,,,,,,,,,,,,,,,,,,,,,,,,,,,,,,,,,,,,,,,,,,,,,,,,,,,,,,,,,,
,,111.0,141.0,,,,,,,,,,,,,,,,,,,,,,,,,,,,,,,,,,,,,,,,,,,,,,,,,,,,,,,,,,,,,,,,,,,,,,,,,,,,,,,,,,,,,,,,,,,,,,,,,,,,,,,,,,,,,,,,,,,,,,,,,,,,,,,,,,,,,,,,,,,,,,,,,,,,,,,,,,,,,,,,,,,,,,,,,,,,,,,,,,,,,,,,,,,,,,,,,,,,
,,117.0,145.0,,,,,,,,,,,,,,,,,,,,,,,,,,,,,,,,,,,,,,,,,,,,,,,,,,,,,,,,,,,,,,,,,,,,,,,,,,,,,,,,,,,,,,,,,,,,,,,,,,,,,,,,,,,,,,,,,,,,,,,,,,,,,,,,,,,,,,,,,,,,,,,,,,,,,,,,,,,,,,,,,,,,,,,,,,,,,,,,,,,,,,,,,,,,,,,,,,,,
,,125.0,149.0,,,,,,,,,,,,,,,,,,,,,,,,,,,,,,,,,,,,,,,,,,,,,,,,,,,,,,,,,,,,,,,,,,,,,,,,,,,,,,,,,,,,,,,,,,,,,,,,,,,,,,,,,,,,,,,,,,,,,,,,,,,,,,,,,,,,,,,,,,,,,,,,,,,,,,,,,,,,,,,,,,,,,,,,,,,,,,,,,,,,,,,,,,,,,,,,,,,,
,,132.0,154.0,,,,,,,,,,,,,,,,,,,,,,,,,,,,,,,,,,,,,,,,,,,,,,,,,,,,,,,,,,,,,,,,,,,,,,,,,,,,,,,,,,,,,,,,,,,,,,,,,,,,,,,,,,,,,,,,,,,,,,,,,,,,,,,,,,,,,,,,,,,,,,,,,,,,,,,,,,,,,,,,,,,,,,,,,,,,,,,,,,,,,,,,,,,,,,,,,,,,
,,140.0,157.0,,,,,,,,,,,,,,,,,,,,,,,,,,,,,,,,,,,,,,,,,,,,,,,,,,,,,,,,,,,,,,,,,,,,,,,,,,,,,,,,,,,,,,,,,,,,,,,,,,,,,,,,,,,,,,,,,,,,,,,,,,,,,,,,,,,,,,,,,,,,,,,,,,,,,,,,,,,,,,,,,,,,,,,,,,,,,,,,,,,,,,,,,,,,,,,,,,,,
,,145.0,159.0,,,,,,,,,,,,,,,,,,,,,,,,,,,,,,,,,,,,,,,,,,,,,,,,,,,,,,,,,,,,,,,,,,,,,,,,,,,,,,,,,,,,,,,,,,,,,,,,,,,,,,,,,,,,,,,,,,,,,,,,,,,,,,,,,,,,,,,,,,,,,,,,,,,,,,,,,,,,,,,,,,,,,,,,,,,,,,,,,,,,,,,,,,,,,,,,,,,,
,,148.0,159.0,,,,,,,,,,,,,,,,,,,,,,,,,,,,,,,,,,,,,,,,,,,,,,,,,,,,,,,,,,,,,,,,,,,,,,,,,,,,,,,,,,,,,,,,,,,,,,,,,,,,,,,,,,,,,,,,,,,,,,,,,,,,,,,,,,,,,,,,,,,,,,,,,,,,,,,,,,,,,,,,,,,,,,,,,,,,,,,,,,,,,,,,,,,,,,,,,,,,
,,159.0,156.0,,,,,,,,,,,,,,,,,,,,,,,,,,,,,,,,,,,,,,,,,,,,,,,,,,,,,,,,,,,,,,,,,,,,,,,,,,,,,,,,,,,,,,,,,,,,,,,,,,,,,,,,,,,,,,,,,,,,,,,,,,,,,,,,,,,,,,,,,,,,,,,,,,,,,,,,,,,,,,,,,,,,,,,,,,,,,,,,,,,,,,,,,,,,,,,,,,,,
,,167.0,153.0,,,,,,,,,,,,,,,,,,,,,,,,,,,,,,,,,,,,,,,,,,,,,,,,,,,,,,,,,,,,,,,,,,,,,,,,,,,,,,,,,,,,,,,,,,,,,,,,,,,,,,,,,,,,,,,,,,,,,,,,,,,,,,,,,,,,,,,,,,,,,,,,,,,,,,,,,,,,,,,,,,,,,,,,,,,,,,,,,,,,,,,,,,,,,,,,,,,,
,,178.0,151.0,,,,,,,,,,,,,,,,,,,,,,,,,,,,,,,,,,,,,,,,,,,,,,,,,,,,,,,,,,,,,,,,,,,,,,,,,,,,,,,,,,,,,,,,,,,,,,,,,,,,,,,,,,,,,,,,,,,,,,,,,,,,,,,,,,,,,,,,,,,,,,,,,,,,,,,,,,,,,,,,,,,,,,,,,,,,,,,,,,,,,,,,,,,,,,,,,,,,
,,190.0,147.0,,,,,,,,,,,,,,,,,,,,,,,,,,,,,,,,,,,,,,,,,,,,,,,,,,,,,,,,,,,,,,,,,,,,,,,,,,,,,,,,,,,,,,,,,,,,,,,,,,,,,,,,,,,,,,,,,,,,,,,,,,,,,,,,,,,,,,,,,,,,,,,,,,,,,,,,,,,,,,,,,,,,,,,,,,,,,,,,,,,,,,,,,,,,,,,,,,,,
,,191.0,148.0,,,,,,,,,,,,,,,,,,,,,,,,,,,,,,,,,,,,,,,,,,,,,,,,,,,,,,,,,,,,,,,,,,,,,,,,,,,,,,,,,,,,,,,,,,,,,,,,,,,,,,,,,,,,,,,,,,,,,,,,,,,,,,,,,,,,,,,,,,,,,,,,,,,,,,,,,,,,,,,,,,,,,,,,,,,,,,,,,,,,,,,,,,,,,,,,,,,,
